3650,3650,3594.516691
3650,3650,3594.925986
3648.2,3648.2,3595.348874
3641.8,3641.8,3595.785076
3645,3645,3596.234295
3648.4,3648.4,3596.696222
3649.6,3649.6,3597.170531
3649.8,3649.8,3597.656884
3648.4,3648.4,3598.154926
3645,3645,3598.664291
3650,3650,3599.1846
3648,3648,3599.715461
3646,3646,3600.256469
3649.4,3649.4,3600.80721
3646.2,3646.2,3601.367258
3645,3645,3601.936177
3648,3648,3602.513521
3646.4,3646.4,3603.098836
3646.4,3646.4,3603.69166
3645.2,3645.2,3604.291521
3646.4,3646.4,3604.897942
3650,3650,3605.51044
3646.8,3646.8,3606.128524
3649.2,3649.2,3606.7517
3649.4,3649.4,3607.37947
3650,3650,3608.01133
3647.6,3647.6,3608.646775
3650,3650,3609.285297
3649,3649,3609.926387
3649,3649,3610.569534
3649,3649,3611.214227
3651.8,3651.8,3611.859956
3651.8,3651.8,3612.506213
3651.8,3651.8,3613.152491
3651.8,3651.8,3613.798284
3651.8,3651.8,3614.443093
3651.2,3651.2,3615.086419
3651,3651,3615.727771
3650.8,3650.8,3616.36666
3650.8,3650.8,3617.002606
3650.8,3650.8,3617.635135
3650.8,3650.8,3618.263777
3652.6,3652.6,3618.888074
3653.4,3653.4,3619.507575
3648,3648,3620.121837
3650,3650,3620.730427
3648,3648,3621.332924
3649.4,3649.4,3621.928916
3653,3653,3622.518002
3652.8,3652.8,3623.099793
3650.8,3650.8,3623.673914
3651.2,3651.2,3624.240001
3651.2,3651.2,3624.797703
3651.2,3651.2,3625.346684
3651.2,3651.2,3625.88662
3651.2,3651.2,3626.417203
3652,3652,3626.938141
3652,3652,3627.449154
3652.8,3652.8,3627.949979
3653.2,3653.2,3628.440369
3653,3653,3628.920093
3650,3650,3629.388935
3649.8,3649.8,3629.846698
3649.2,3649.2,3630.293198
3652.2,3652.2,3630.728271
3652,3652,3631.151769
3652.4,3652.4,3631.563559
3655,3655,3631.963529
3652.6,3652.6,3632.351581
3655,3655,3632.727636
3653.8,3653.8,3633.09163
3653,3653,3633.443519
3653,3653,3633.783275
3652.4,3652.4,3634.110885
3652.4,3652.4,3634.426357
3653,3653,3634.729713
3653.4,3653.4,3635.020992
3653.8,3653.8,3635.30025
3650.2,3650.2,3635.567559
3652.4,3652.4,3635.823008
3651.8,3651.8,3636.0667
3652,3652,3636.298754
3652,3652,3636.519306
3651.8,3651.8,3636.728505
3652,3652,3636.926516
3651.8,3651.8,3637.113516
3650,3650,3637.289698
3652,3652,3637.455266
3650,3650,3637.610441
3650,3650,3637.755452
3649.8,3649.8,3637.890542
3650,3650,3638.015967
3650.4,3650.4,3638.131991
3648.2,3648.2,3638.23889
3648.8,3648.8,3638.336951
3646,3646,3638.426469
3648.2,3648.2,3638.507748
3645.2,3645.2,3638.581101
3648.8,3648.8,3638.646849
3645,3645,3638.705319
3645,3645,3638.756844
3647.4,3647.4,3638.801766
3641.2,3641.2,3638.84043
3643,3643,3638.873185
3641,3641,3638.900385
3640,3640,3638.922389
3640.2,3640.2,3638.939556
3640,3640,3638.952249
3640.2,3640.2,3638.960832
3640.2,3640.2,3638.965669
3640,3640,3638.967128
3640.4,3640.4,3638.965571
3645,3645,3638.961363
3641.4,3641.4,3638.954866
3641,3641,3638.946439
3641,3641,3638.936442
3640.8,3640.8,3638.925225
3640.4,3640.4,3638.91314
3640,3640,3638.900532
3640.4,3640.4,3638.887739
3640.4,3640.4,3638.875097
3643.6,3643.6,3638.862932
3640.4,3640.4,3638.851565
3643.4,3643.4,3638.84131
3640.6,3640.6,3638.832472
3640.4,3640.4,3638.825348
3640.8,3640.8,3638.820226
3642.8,3642.8,3638.817384
3640,3640,3638.817093
3640,3640,3638.81961
3640,3640,3638.825183
3640,3640,3638.83405
3640,3640,3638.846437
3639.2,3639.2,3638.862556
3640.6,3640.6,3638.882611
3639,3639,3638.90679
3638.6,3638.6,3638.93527
3638.4,3638.4,3638.968217
3638,3638,3639.005779
3641.4,3641.4,3639.048096
3641.4,3641.4,3639.09529
3641.4,3641.4,3639.147473
3641.4,3641.4,3639.20474
3641.4,3641.4,3639.267175
3641.4,3641.4,3639.334846
3641.4,3641.4,3639.407807
3641.4,3641.4,3639.486099
3641.4,3641.4,3639.569748
3642.2,3642.2,3639.658766
3641.6,3641.6,3639.753152
3641.4,3641.4,3639.852889
3640,3640,3639.957947
3641.4,3641.4,3640.068283
3641.4,3641.4,3640.183839
3641.4,3641.4,3640.304545
3642.6,3642.6,3640.430315
3642,3642,3640.561052
3641.8,3641.8,3640.696647
3641.4,3641.4,3640.836975
3641,3641,3640.981901
3640.8,3640.8,3641.131279
3638.6,3638.6,3641.284947
3637.8,3637.8,3641.442736
3636.8,3636.8,3641.604464
3637.2,3637.2,3641.769937
3637,3637,3641.938952
3637,3637,3642.111297
3637.2,3637.2,3642.286749
3637.2,3637.2,3642.465075
3637.8,3637.8,3642.646036
3637,3637,3642.829383
3637,3637,3643.01486
3637,3637,3643.202203
3637.8,3637.8,3643.391142
3637.8,3637.8,3643.581401
3636.4,3636.4,3643.772698
3636.4,3636.4,3643.964746
3637.8,3637.8,3644.157252
3637.8,3637.8,3644.349922
3637.8,3637.8,3644.542456
3640,3640,3644.734552
3641.4,3641.4,3644.925906
3640,3640,3645.116211
3641.2,3641.2,3645.30516
3641.2,3641.2,3645.492446
3641.4,3641.4,3645.677759
3641.4,3641.4,3645.860793
3641.4,3641.4,3646.04124
3641.4,3641.4,3646.218797
3642.4,3642.4,3646.393161
3641,3641,3646.564032
3641,3641,3646.731113
3640,3640,3646.894112
3640,3640,3647.052741
3640,3640,3647.206717
3640,3640,3647.355762
3640,3640,3647.499605
3642.2,3642.2,3647.637979
3642.4,3642.4,3647.770628
3642.2,3642.2,3647.897301
3642.4,3642.4,3648.017754
3639.6,3639.6,3648.131753
3639.6,3639.6,3648.239073
3639.6,3639.6,3648.339498
3642.6,3642.6,3648.43282
3639.8,3639.8,3648.518843
3640.8,3640.8,3648.597381
3642.4,3642.4,3648.668259
3642.4,3642.4,3648.73131
3642.4,3642.4,3648.786384
3642.6,3642.6,3648.833337
3642.6,3642.6,3648.872041
3642.6,3642.6,3648.902378
3642.6,3642.6,3648.924244
3642.2,3642.2,3648.937545
3641.6,3641.6,3648.942202
3640.2,3640.2,3648.93815
3640.2,3640.2,3648.925333
3641,3641,3648.903712
3640,3640,3648.873261
3640,3640,3648.833964
3639.8,3639.8,3648.785822
3640.2,3640.2,3648.728849
3641,3641,3648.663071
3640,3640,3648.588527
3640.2,3640.2,3648.505272
3639.6,3639.6,3648.413372
3642,3642,3648.312907
3642.4,3642.4,3648.203969
3642.4,3642.4,3648.086666
3642.4,3642.4,3647.961115
3640,3640,3647.827447
3640,3640,3647.685808
3640,3640,3647.536351
3640,3640,3647.379246
3640.2,3640.2,3647.214671
3640.8,3640.8,3647.042817
3640.8,3640.8,3646.863886
3640.8,3640.8,3646.678091
3640.8,3640.8,3646.485654
3639.6,3639.6,3646.286809
3640.4,3640.4,3646.081797
3639.8,3639.8,3645.870872
3641,3641,3645.654293
3641,3641,3645.432329
3641,3641,3645.205258
3639.8,3639.8,3644.973364
3639.8,3639.8,3644.736939
3641,3641,3644.496281
3640,3640,3644.251694
3641,3641,3644.003487
3641,3641,3643.751977
3642,3642,3643.497481
3641,3641,3643.240324
3641,3641,3642.980833
3641,3641,3642.719337
3641,3641,3642.456168
3641,3641,3642.191661
3641,3641,3641.926152
3639.6,3639.6,3641.659976
3639.6,3639.6,3641.39347
3639.2,3639.2,3641.12697
3639,3639,3640.860811
3641,3641,3640.595327
3639.8,3639.8,3640.330849
3640.8,3640.8,3640.067708
3639.8,3639.8,3639.806228
3641,3641,3639.546733
3639.8,3639.8,3639.289541
3639.8,3639.8,3639.034965
3639.6,3639.6,3638.783315
3639.6,3639.6,3638.534893
3639.6,3639.6,3638.289996
3639,3639,3638.048913
3639,3639,3637.811929
3641,3641,3637.579318
3639.2,3639.2,3637.351347
3638.6,3638.6,3637.128276
3641,3641,3636.910355
3638.6,3638.6,3636.697825
3638.6,3638.6,3636.490916
3638.6,3638.6,3636.28985
3638.6,3638.6,3636.094838
3641,3641,3635.906079
3637.8,3637.8,3635.723764
3637.8,3637.8,3635.548069
3637.4,3637.4,3635.37916
3637.4,3637.4,3635.217193
3637.8,3637.8,3635.062309
3637.2,3637.2,3634.914638
3637.2,3637.2,3634.774299
3636,3636,3634.641394
3637,3637,3634.516018
3635.2,3635.2,3634.398248
3635.2,3635.2,3634.28815
3635.2,3635.2,3634.185779
3635.2,3635.2,3634.091172
3639,3639,3634.004358
3639,3639,3633.925348
3635.2,3635.2,3633.854144
3635.2,3635.2,3633.790731
3635.2,3635.2,3633.735083
3637,3637,3633.687161
3635.8,3635.8,3633.646913
3635.2,3635.2,3633.614273
3635.2,3635.2,3633.589162
3635.6,3635.6,3633.571491
3636,3636,3633.561155
3636,3636,3633.558041
3635.2,3635.2,3633.562019
3637,3637,3633.572953
3637,3637,3633.59069
3636,3636,3633.61507
3637,3637,3633.645919
3637,3637,3633.683055
3636,3636,3633.726285
3636,3636,3633.775405
3636.8,3636.8,3633.830202
3636.8,3636.8,3633.890456
3635.2,3635.2,3633.955934
3635.2,3635.2,3634.026399
3637,3637,3634.101605
3639,3639,3634.181295
3639.8,3639.8,3634.265211
3639.8,3639.8,3634.353084
3639.6,3639.6,3634.444641
3638.4,3638.4,3634.539603
3640,3640,3634.637685
3639.8,3639.8,3634.738599
3639.8,3639.8,3634.842053
3640,3640,3634.947751
3640,3640,3635.055393
3639.4,3639.4,3635.164678
3639,3639,3635.275303
3639,3639,3635.386963
3639,3639,3635.499352
3639,3639,3635.612165
3639.4,3639.4,3635.725096
3638.8,3638.8,3635.83784
3638.8,3638.8,3635.950095
3639.6,3639.6,3636.061557
3639.4,3639.4,3636.171929
3639.6,3639.6,3636.280914
3639.8,3639.8,3636.38822
3638.8,3638.8,3636.493556
3638.8,3638.8,3636.59664
3639,3639,3636.697192
3639,3639,3636.794938
3639.2,3639.2,3636.889609
3638.8,3638.8,3636.980945
3637.4,3637.4,3637.068691
3637.2,3637.2,3637.1526
3637.2,3637.2,3637.232431
3637.2,3637.2,3637.307954
3637.4,3637.4,3637.378946
3639.6,3639.6,3637.445193
3638.4,3638.4,3637.50649
3639.4,3639.4,3637.562644
3639.6,3639.6,3637.613468
3639.8,3639.8,3637.65879
3639.4,3639.4,3637.698445
3639.8,3639.8,3637.73228
3640,3640,3637.760156
3640,3640,3637.78194
3640,3640,3637.797517
3639.2,3639.2,3637.80678
3640,3640,3637.809634
3639,3639,3637.805998
3639,3639,3637.795803
3638.6,3638.6,3637.778993
3638,3638,3637.755523
3637.2,3637.2,3637.725363
3637.4,3637.4,3637.688495
3637.4,3637.4,3637.644913
3637.2,3637.2,3637.594624
3637.2,3637.2,3637.53765
3637,3637,3637.474024
3637,3637,3637.403792
3638.6,3638.6,3637.327014
3637.2,3637.2,3637.24376
3637.2,3637.2,3637.154116
3636.8,3636.8,3637.058178
3637,3637,3636.956055
3636.6,3636.6,3636.847868
3636,3636,3636.733751
3635.8,3635.8,3636.613848
3635,3635,3636.488315
3635,3635,3636.35732
3637.2,3637.2,3636.221041
3634,3634,3636.079667
3634,3634,3635.933398
3633,3633,3635.782442
3633,3633,3635.627019
3633,3633,3635.467356
3633,3633,3635.303692
3636,3636,3635.136271
3637.8,3637.8,3634.965347
3637.8,3637.8,3634.791182
3637.6,3637.6,3634.614045
3635,3635,3634.43421
3635,3635,3634.251959
3635,3635,3634.067581
3634.4,3634.4,3633.881368
3634.4,3634.4,3633.693618
3634.2,3634.2,3633.504633
3634,3634,3633.31472
3632.6,3632.6,3633.124189
3632.6,3632.6,3632.93335
3632.4,3632.4,3632.742521
3632.4,3632.4,3632.552016
3632,3632,3632.362155
3631.2,3631.2,3632.173254
3631.2,3631.2,3631.985635
3631.2,3631.2,3631.799614
3631,3631,3631.615509
3631,3631,3631.433638
3631,3631,3631.254313
3631,3631,3631.077848
3631,3631,3630.904551
3630.8,3630.8,3630.734726
3630.8,3630.8,3630.568677
3630.8,3630.8,3630.406699
3630.8,3630.8,3630.249085
3630.4,3630.4,3630.09612
3631.4,3631.4,3629.948085
3630.6,3630.6,3629.805255
3630.6,3630.6,3629.667895
3630.4,3630.4,3629.536265
3630.4,3630.4,3629.410618
3630.8,3630.8,3629.291196
3630.8,3630.8,3629.178235
3630.8,3630.8,3629.071959
3630.8,3630.8,3628.972586
3630.8,3630.8,3628.880321
3630.8,3630.8,3628.795361
3631,3631,3628.717891
3630.8,3630.8,3628.648087
3631.8,3631.8,3628.586111
3630.4,3630.4,3628.532117
3630.4,3630.4,3628.486244
3630.4,3630.4,3628.448621
3630.4,3630.4,3628.419365
3631.6,3631.6,3628.39858
3631.4,3631.4,3628.386356
3632,3632,3628.382773
3630.8,3630.8,3628.387897
3630.8,3630.8,3628.40178
3631.2,3631.2,3628.424461
3630.4,3630.4,3628.455967
3630,3630,3628.496312
3630,3630,3628.545495
3630,3630,3628.603502
3631,3631,3628.670307
3632,3632,3628.745869
3630.8,3630.8,3628.830134
3632,3632,3628.923037
3630.6,3630.6,3629.024498
3632,3632,3629.134423
3632,3632,3629.252706
3631.2,3631.2,3629.37923
3631,3631,3629.513862
3630.8,3630.8,3629.656461
3632,3632,3629.806869
3631.2,3631.2,3629.96492
3632,3632,3630.130435
3632,3632,3630.303221
3632,3632,3630.483079
3632,3632,3630.669794
3632,3632,3630.863144
3632,3632,3631.062895
3632,3632,3631.268805
3632,3632,3631.480619
3635.4,3635.4,3631.698077
3635.6,3635.6,3631.920907
3635.8,3635.8,3632.148832
3635,3635,3632.381563
3635.8,3635.8,3632.618808
3636,3636,3632.860265
3636,3636,3633.105626
3636,3636,3633.354577
3636,3636,3633.6068
3636,3636,3633.861969
3637,3637,3634.119756
3637,3637,3634.379828
3637,3637,3634.641847
3637.2,3637.2,3634.905475
3637.2,3637.2,3635.170368
3636.8,3636.8,3635.436182
3637.2,3637.2,3635.702571
3637.2,3637.2,3635.969188
3637.8,3637.8,3636.235685
3637.8,3637.8,3636.501715
3637.8,3637.8,3636.766932
3638,3638,3637.030988
3638,3638,3637.293539
3640,3640,3637.554245
3640,3640,3637.812764
3640,3640,3638.068761
3640.6,3640.6,3638.321902
3640,3640,3638.57186
3640.6,3640.6,3638.81831
3640.8,3640.8,3639.060933
3637.6,3637.6,3639.299416
3639.8,3639.8,3639.533451
3636.6,3636.6,3639.762738
3639.8,3639.8,3639.986983
3639.8,3639.8,3640.205899
3639.8,3639.8,3640.419207
3639.8,3639.8,3640.626638
3640.8,3640.8,3640.827929
3642.4,3642.4,3641.022827
3642.4,3642.4,3641.211089
3644.2,3644.2,3641.39248
3644.2,3644.2,3641.566777
3644,3644,3641.733766
3644,3644,3641.893244
3641,3641,3642.045018
3640.4,3640.4,3642.188909
3643.2,3643.2,3642.324747
3643.2,3643.2,3642.452373
3643.8,3643.8,3642.571642
3645,3645,3642.68242
3645,3645,3642.784585
3645,3645,3642.878028
3645,3645,3642.962653
3645,3645,3643.038375
3645,3645,3643.105123
3647,3647,3643.162838
3648.6,3648.6,3643.211475
3648.4,3648.4,3643.251002
3648.8,3648.8,3643.281397
3650.8,3650.8,3643.302656
3650.8,3650.8,3643.314782
3650.8,3650.8,3643.317796
3650.8,3650.8,3643.31173
3650,3650,3643.296626
3648,3648,3643.272543
3648,3648,3643.239551
3648,3648,3643.19773
3648,3648,3643.147175
3646,3646,3643.087991
3644,3644,3643.020298
3646,3646,3642.944225
3646,3646,3642.859911
3644,3644,3642.767511
3644,3644,3642.667185
3646.8,3646.8,3642.559108
3646.8,3646.8,3642.443465
3646.8,3646.8,3642.320447
3647.8,3647.8,3642.19026
3644,3644,3642.053116
3644.4,3644.4,3641.909238
3646.2,3646.2,3641.758854
3644.4,3644.4,3641.602206
3644.4,3644.4,3641.439538
3644.2,3644.2,3641.271106
3644.4,3644.4,3641.097171
3644,3644,3640.918
3644,3644,3640.733869
3641.8,3641.8,3640.545056
3641,3641,3640.351849
3640.8,3640.8,3640.154536
3645,3645,3639.953414
3644.8,3644.8,3639.748781
3641.6,3641.6,3639.54094
3641.6,3641.6,3639.330196
3641.4,3641.4,3639.116859
3641.2,3641.2,3638.901238
3643.2,3643.2,3638.683646
3643.2,3643.2,3638.464397
3643.2,3643.2,3638.243806
3644,3644,3638.022186
3643.2,3643.2,3637.799854
3643.2,3643.2,3637.577122
3643.2,3643.2,3637.354305
3644.6,3644.6,3637.131713
3643.2,3643.2,3636.909657
3641.6,3641.6,3636.688444
3640.8,3640.8,3636.468378
3641,3641,3636.249761
3640.6,3640.6,3636.032889
3640.6,3640.6,3635.818058
3641,3641,3635.605555
3641,3641,3635.395664
3642.8,3642.8,3635.188666
3640.6,3640.6,3634.984832
3640,3640,3634.784429
3640,3640,3634.58772
3637.2,3637.2,3634.394957
3637,3637,3634.206387
3639,3639,3634.022251
3637,3637,3633.84278
3637.4,3637.4,3633.668198
3637,3637,3633.49872
3637,3637,3633.334554
3638.8,3638.8,3633.175899
3639,3639,3633.022943
3637.4,3637.4,3632.875868
3637.4,3637.4,3632.734843
3638.6,3638.6,3632.60003
3639.6,3639.6,3632.47158
3638.6,3638.6,3632.349636
3638.8,3638.8,3632.234328
3638.6,3638.6,3632.125777
3638.8,3638.8,3632.024095
3638.6,3638.6,3631.929383
3638.6,3638.6,3631.84173
3638.6,3638.6,3631.761216
3638.6,3638.6,3631.68791
3642,3642,3631.621872
3638.6,3638.6,3631.563148
3639.2,3639.2,3631.511777
3638,3638,3631.467785
3638,3638,3631.43119
3638.2,3638.2,3631.401996
3638,3638,3631.380201
3637,3637,3631.365788
3637.4,3637.4,3631.358735
3636.2,3636.2,3631.359005
3636.2,3636.2,3631.366556
3638.2,3638.2,3631.381331
3638.2,3638.2,3631.403269
3636,3636,3631.432294
3636.4,3636.4,3631.468326
3636.8,3636.8,3631.511273
3640.4,3640.4,3631.561034
3641.2,3641.2,3631.617501
3636.8,3636.8,3631.680557
3640,3640,3631.750077
3640,3640,3631.825928
3639.2,3639.2,3631.907971
3639.8,3639.8,3631.996057
3640,3640,3632.090031
3637.2,3637.2,3632.189734
3637.2,3637.2,3632.294997
3639,3639,3632.405647
3640,3640,3632.521505
3636.8,3636.8,3632.642387
3636,3636,3632.768102
3636.2,3636.2,3632.898457
3635.8,3635.8,3633.033252
3636.6,3636.6,3633.172286
3639.6,3639.6,3633.315352
3636.6,3636.6,3633.46224
3636,3636,3633.612738
3636,3636,3633.76663
3638,3638,3633.9237
3639,3639,3634.083727
3638,3638,3634.24649
3636.2,3636.2,3634.411768
3635.6,3635.6,3634.579338
3635.4,3635.4,3634.748976
3635.2,3635.2,3634.920458
3635,3635,3635.093561
3635,3635,3635.268062
3635.8,3635.8,3635.443739
3636.4,3636.4,3635.620371
3637,3637,3635.797739
3637,3637,3635.975624
3639.4,3639.4,3636.153812
3637.2,3637.2,3636.332089
3637,3637,3636.510245
3637.2,3637.2,3636.688073
3637.2,3637.2,3636.865369
3639,3639,3637.041932
3639.4,3639.4,3637.217565
3639.8,3639.8,3637.392077
3637.2,3637.2,3637.565278
3639.8,3639.8,3637.736985
3639.8,3639.8,3637.90702
3640,3640,3638.075207
3640,3640,3638.241379
3638,3638,3638.405371
3638,3638,3638.567026
3638,3638,3638.726191
3641.6,3641.6,3638.88272
3641.6,3641.6,3639.036473
3638.8,3638.8,3639.187315
3638.8,3638.8,3639.335118
3638.8,3638.8,3639.479761
3638.2,3638.2,3639.621127
3638,3638,3639.759109
3638,3638,3639.893603
3638,3638,3640.024514
3637.8,3637.8,3640.151753
3638,3638,3640.275238
3640.6,3640.6,3640.394892
3641,3641,3640.510647
3639.2,3639.2,3640.622441
3643.6,3643.6,3640.730218
3642.8,3642.8,3640.833928
3642.8,3642.8,3640.93353
3641,3641,3641.028987
3639,3639,3641.12027
3639,3639,3641.207357
3643.4,3643.4,3641.290229
3638.4,3638.4,3641.368877
3641.8,3641.8,3641.443297
3642,3642,3641.513489
3641,3641,3641.579461
3642,3642,3641.641227
3641,3641,3641.698804
3642,3642,3641.752217
3642,3642,3641.801495
3643.6,3643.6,3641.846672
3643.8,3643.8,3641.887788
3642.2,3642.2,3641.924887
3642,3642,3641.958017
3642,3642,3641.98723
3642,3642,3642.012584
3642.2,3642.2,3642.03414
3642.8,3642.8,3642.051962
3642.6,3642.6,3642.066117
3642.6,3642.6,3642.076678
3641,3641,3642.083719
3641,3641,3642.087316
3640.4,3640.4,3642.08755
3640.2,3640.2,3642.084503
3640.2,3640.2,3642.078258
3641.8,3641.8,3642.068902
3640.2,3640.2,3642.056523
3640,3640,3642.04121
3639.6,3639.6,3642.023053
3639.6,3639.6,3642.002144
3640.8,3640.8,3641.978574
3641,3641,3641.952438
3638,3638,3641.923827
3639.2,3639.2,3641.892834
3638,3638,3641.859554
3639.2,3639.2,3641.824077
3639,3639,3641.786497
3639.2,3639.2,3641.746904
3638,3638,3641.705389
3637.8,3637.8,3641.66204
3637.8,3637.8,3641.616947
3637.8,3637.8,3641.570194
3637.8,3637.8,3641.521866
3640,3640,3641.472046
3641.4,3641.4,3641.420815
3641.4,3641.4,3641.36825
3642,3642,3641.314429
3642.6,3642.6,3641.259424
3642.6,3642.6,3641.203306
3643.6,3643.6,3641.146144
3644,3644,3641.088002
3643.6,3643.6,3641.028944
3643.6,3643.6,3640.969028
3641,3641,3640.90831
3642.6,3642.6,3640.846843
3644.4,3644.4,3640.784676
3641,3641,3640.721856
3643.8,3643.8,3640.658426
3643.8,3643.8,3640.594423
3643.8,3643.8,3640.529885
3641,3641,3640.464842
3644.2,3644.2,3640.399324
3644.2,3644.2,3640.333356
3644.4,3644.4,3640.266958
3644.4,3644.4,3640.200148
3640.8,3640.8,3640.132942
3643.8,3643.8,3640.065348
3644.4,3644.4,3639.997376
3644.4,3644.4,3639.929028
3640.4,3640.4,3639.860304
3643.2,3643.2,3639.791203
3644.4,3644.4,3639.721718
3644.6,3644.6,3639.651838
3640,3640,3639.581553
3642.8,3642.8,3639.510847
3643.6,3643.6,3639.439701
3642.4,3642.4,3639.368095
3643,3643,3639.296004
3642.6,3642.6,3639.223402
3643.6,3643.6,3639.150262
3644.6,3644.6,3639.076551
3642,3642,3639.002237
3642.8,3642.8,3638.927285
3645,3645,3638.851658
3645,3645,3638.775318
3642.6,3642.6,3638.698224
3642.6,3642.6,3638.620334
3642.6,3642.6,3638.541607
3641.6,3641.6,3638.461999
3644.6,3644.6,3638.381465
3641.2,3641.2,3638.29996
3641.4,3641.4,3638.217439
3645,3645,3638.133854
3643.6,3643.6,3638.049161
3643.4,3643.4,3637.963313
3644,3644,3637.876265
3641,3641,3637.78797
3640,3640,3637.698383
3641.4,3641.4,3637.607462
3639.8,3639.8,3637.515161
3639.8,3639.8,3637.42144
3643.2,3643.2,3637.326258
3640.2,3640.2,3637.229574
3641,3641,3637.131351
3641,3641,3637.031554
3638.8,3638.8,3636.930147
3638.8,3638.8,3636.8271
3638.2,3638.2,3636.722382
3638.8,3638.8,3636.615966
3638.8,3638.8,3636.507827
3638.8,3638.8,3636.397944
3638.2,3638.2,3636.286297
3638.4,3638.4,3636.172869
3638,3638,3636.057648
3638,3638,3635.940623
3637.8,3637.8,3635.821788
3637.2,3637.2,3635.701139
3637.2,3637.2,3635.578677
3637,3637,3635.454404
3637.2,3637.2,3635.32833
3636,3636,3635.200464
3637.2,3637.2,3635.070821
3637,3637,3634.939421
3637.2,3637.2,3634.806286
3636.2,3636.2,3634.671442
3636.2,3636.2,3634.534921
3636,3636,3634.396756
3639.8,3639.8,3634.256987
3637,3637,3634.115656
3636.8,3636.8,3633.972809
3636.8,3636.8,3633.828497
3637.6,3637.6,3633.682776
3637.6,3637.6,3633.535702
3637.6,3637.6,3633.38734
3637.6,3637.6,3633.237755
3637.6,3637.6,3633.087018
3637.4,3637.4,3632.935203
3637.4,3637.4,3632.782387
3637.4,3637.4,3632.628652
3636.8,3636.8,3632.474082
3636.8,3636.8,3632.318767
3636.8,3636.8,3632.162797
3636,3636,3632.006268
3636,3636,3631.849278
3636.2,3636.2,3631.691928
3635,3635,3631.534321
3635,3635,3631.376565
3638,3638,3631.218768
3634,3634,3631.061043
3634,3634,3630.903504
3631.8,3631.8,3630.746266
3631.8,3631.8,3630.589447
3631.2,3631.2,3630.433169
3631.2,3631.2,3630.277552
3631.2,3631.2,3630.122719
3631,3631,3629.968795
3631.2,3631.2,3629.815905
3631.2,3631.2,3629.664176
3631.2,3631.2,3629.513734
3630.2,3630.2,3629.364706
3630.2,3630.2,3629.217222
3630.2,3630.2,3629.071408
3635.4,3635.4,3628.927392
3632.2,3632.2,3628.785303
3631.2,3631.2,3628.645266
3630.6,3630.6,3628.50741
3630.6,3630.6,3628.371858
3631.2,3631.2,3628.238736
3631.8,3631.8,3628.108166
3631.8,3631.8,3627.980271
3633,3633,3627.85517
3633,3633,3627.732981
3633.4,3633.4,3627.613821
3633.2,3633.2,3627.497802
3633.4,3633.4,3627.385037
3633.4,3633.4,3627.275633
3633.2,3633.2,3627.169698
3632.2,3632.2,3627.067332
3630.4,3630.4,3626.968637
3630.2,3630.2,3626.873708
3630.6,3630.6,3626.782638
3632.8,3632.8,3626.695517
3632,3632,3626.612429
3632,3632,3626.533456
3633.6,3633.6,3626.458675
3632.4,3632.4,3626.38816
3632.2,3632.2,3626.321978
3632.4,3632.4,3626.260194
3632.2,3632.2,3626.202867
3632,3632,3626.150054
3631,3631,3626.101802
3630.2,3630.2,3626.058158
3631.8,3631.8,3626.019162
3631,3631,3625.98485
3630.8,3630.8,3625.95525
3634,3634,3625.930388
3633.6,3633.6,3625.910284
3631,3631,3625.894952
3631.6,3631.6,3625.884401
3634.8,3634.8,3625.878635
3634.6,3634.6,3625.877653
3634.6,3634.6,3625.881447
3634.4,3634.4,3625.890005
3635.4,3635.4,3625.903309
3635.4,3635.4,3625.921337
3635.4,3635.4,3625.944061
3635.4,3635.4,3625.971447
3634.8,3634.8,3626.003456
3635.6,3635.6,3626.040044
3632.4,3632.4,3626.081164
3632.2,3632.2,3626.126759
3634,3634,3626.176773
3634,3634,3626.231141
3632.2,3632.2,3626.289794
3632,3632,3626.35266
3631.2,3631.2,3626.41966
3631.4,3631.4,3626.490712
3631.4,3631.4,3626.56573
3631.4,3631.4,3626.644624
3630,3630,3626.727297
3630,3630,3626.813652
3630.2,3630.2,3626.903586
3630,3630,3626.996992
3630,3630,3627.093762
3628.8,3628.8,3627.193782
3628,3628,3627.296936
3628.8,3628.8,3627.403105
3628.4,3628.4,3627.512168
3626,3626,3627.623999
3626,3626,3627.738473
3626,3626,3627.855459
3627.6,3627.6,3627.974827
3626.8,3626.8,3628.096445
3627,3627,3628.220176
3627.6,3627.6,3628.345886
3628.4,3628.4,3628.473436
3628.8,3628.8,3628.602689
3628.8,3628.8,3628.733505
3626.2,3626.2,3628.865744
3626.2,3626.2,3628.999266
3626,3626,3629.13393
3626.2,3626.2,3629.269596
3628.8,3628.8,3629.406122
3629.6,3629.6,3629.543369
3630,3630,3629.681197
3630,3630,3629.819467
3631,3631,3629.95804
3633.8,3633.8,3630.096781
3634,3634,3630.235553
3634.2,3634.2,3630.374222
3634.2,3634.2,3630.512655
3635,3635,3630.650723
3633,3633,3630.788296
3634,3634,3630.925247
3634.2,3634.2,3631.061453
3634.2,3634.2,3631.196792
3630,3630,3631.331145
3633.2,3633.2,3631.464395
3633.2,3633.2,3631.59643
3632,3632,3631.727139
3631.8,3631.8,3631.856414
3630,3630,3631.984153
3631,3631,3632.110255
3632,3632,3632.234622
3634.6,3634.6,3632.357162
3634.6,3634.6,3632.477786
3634.8,3634.8,3632.596408
3634.4,3634.4,3632.712945
3634,3634,3632.827321
3633.6,3633.6,3632.939461
3633.6,3633.6,3633.049296
3632.4,3632.4,3633.15676
3633,3633,3633.261793
3633.4,3633.4,3633.364337
3633.4,3633.4,3633.464338
3633.8,3633.8,3633.56175
3633.8,3633.8,3633.656526
3633.8,3633.8,3633.748628
3633,3633,3633.838019
3630.4,3630.4,3633.924669
3633.2,3633.2,3634.008549
3632.8,3632.8,3634.089637
3632.8,3632.8,3634.167914
3630,3630,3634.243366
3633.2,3633.2,3634.315982
3633.8,3633.8,3634.385755
3630.6,3630.6,3634.452683
3629.8,3629.8,3634.516767
3629.8,3629.8,3634.578014
3633.8,3633.8,3634.636431
3632.2,3632.2,3634.692031
3632.8,3632.8,3634.744832
3629,3629,3634.794852
3629.4,3629.4,3634.842115
3632.4,3632.4,3634.886648
3631.6,3631.6,3634.92848
3633,3633,3634.967645
3632.6,3632.6,3635.004178
3632.6,3632.6,3635.038117
3633.6,3633.6,3635.069504
3632.6,3632.6,3635.098383
3634.4,3634.4,3635.124801
3634.4,3634.4,3635.148805
3633,3633,3635.170447
3634.6,3634.6,3635.189779
3633.2,3633.2,3635.206857
3635.4,3635.4,3635.221736
3633,3633,3635.234475
3631.8,3631.8,3635.245133
3631.8,3631.8,3635.253771
3635.6,3635.6,3635.260452
3635.6,3635.6,3635.265237
3631.6,3631.6,3635.268191
3631.6,3631.6,3635.269379
3631.8,3631.8,3635.268865
3633.2,3633.2,3635.266715
3631,3631,3635.262996
3631.4,3631.4,3635.257772
3631.4,3631.4,3635.251111
3631.4,3631.4,3635.243077
3634.2,3634.2,3635.233737
3633.8,3633.8,3635.223156
3635,3635,3635.211399
3633.8,3633.8,3635.198529
3635.8,3635.8,3635.184611
3634.4,3634.4,3635.169707
3634.4,3634.4,3635.153878
3635.8,3635.8,3635.137186
3635.8,3635.8,3635.119688
3636,3636,3635.101444
3636,3636,3635.08251
3636,3636,3635.062941
3636,3636,3635.042791
3636.2,3636.2,3635.022113
3635.6,3635.6,3635.000956
3636.2,3636.2,3634.97937
3635.6,3635.6,3634.9574
3635.4,3635.4,3634.935093
3635.6,3635.6,3634.912492
3634.8,3634.8,3634.889638
3634.4,3634.4,3634.866569
3635,3635,3634.843324
3634.6,3634.6,3634.819938
3634.6,3634.6,3634.796444
3634.6,3634.6,3634.772873
3634.2,3634.2,3634.749254
3634.4,3634.4,3634.725616
3634.4,3634.4,3634.701981
3632,3632,3634.678375
3632,3632,3634.654818
3632,3632,3634.631329
3636.4,3636.4,3634.607926
3632.8,3632.8,3634.584623
3632,3632,3634.561435
3636.4,3636.4,3634.538374
3632.2,3632.2,3634.515449
3632.2,3632.2,3634.492668
3635.8,3635.8,3634.470039
3635,3635,3634.447566
3633.2,3633.2,3634.425254
3633.2,3633.2,3634.403105
3634.4,3634.4,3634.38112
3638.6,3638.6,3634.359299
3638.6,3638.6,3634.33764
3637.8,3637.8,3634.316141
3637.8,3637.8,3634.2948
3635,3635,3634.273611
3634.8,3634.8,3634.252571
3633.8,3633.8,3634.231674
3633.8,3633.8,3634.210914
3633.8,3633.8,3634.190285
3634.2,3634.2,3634.16978
3633.8,3633.8,3634.149392
3633.8,3633.8,3634.129115
3634.2,3634.2,3634.108942
3636.4,3636.4,3634.088866
3633,3633,3634.068881
3632.4,3632.4,3634.04898
3632.2,3632.2,3634.029159
3632.2,3632.2,3634.009412
3632.2,3632.2,3633.989735
3635.2,3635.2,3633.970125
3635.2,3635.2,3633.950579
3635.2,3635.2,3633.931097
3635.2,3635.2,3633.911677
3634.6,3634.6,3633.892321
3634.8,3634.8,3633.87303
3632,3632,3633.853809
3631.8,3631.8,3633.834663
3631.2,3631.2,3633.815599
3631,3631,3633.796625
3631,3631,3633.777751
3630.2,3630.2,3633.758989
3631.2,3631.2,3633.740354
3630.2,3630.2,3633.721861
3630,3630,3633.703528
3630,3630,3633.685375
3626.8,3626.8,3633.667425
3631,3631,3633.6497
3631,3631,3633.632229
3631,3631,3633.615038
3631,3631,3633.59816
3631,3631,3633.581627
3631,3631,3633.565474
3630.4,3630.4,3633.54974
3630.8,3630.8,3633.534464
3631.8,3631.8,3633.519687
3631.8,3631.8,3633.505455
3630.8,3630.8,3633.491813
3632,3632,3633.478811
3632,3632,3633.466499
3632,3632,3633.454929
3632,3632,3633.444158
3632,3632,3633.434241
3635.2,3635.2,3633.425238
3633,3633,3633.417208
3633,3633,3633.410215
3633.2,3633.2,3633.404321
3633.2,3633.2,3633.399593
3633.2,3633.2,3633.396098
3633.2,3633.2,3633.393904
3633.2,3633.2,3633.393081
3633.2,3633.2,3633.393699
3634.2,3634.2,3633.39583
3633,3633,3633.399547
3631.4,3631.4,3633.404923
3631.4,3631.4,3633.412032
3631.4,3631.4,3633.420949
3634.2,3634.2,3633.431748
3632.6,3632.6,3633.444505
3632.6,3632.6,3633.459295
3632.6,3632.6,3633.476192
3631.8,3631.8,3633.495271
3631.8,3631.8,3633.516606
3631.8,3631.8,3633.540272
3634.4,3634.4,3633.566339
3631.4,3631.4,3633.594881
3630.2,3630.2,3633.625968
3630,3630,3633.659668
3631.4,3631.4,3633.696051
3631.4,3631.4,3633.735182
3631.4,3631.4,3633.777124
3632,3632,3633.821942
3631.2,3631.2,3633.869694
3632.8,3632.8,3633.920438
3633.2,3633.2,3633.97423
3635,3635,3634.031121
3635,3635,3634.091162
3635,3635,3634.154398
3633.6,3633.6,3634.220873
3634.8,3634.8,3634.290628
3634.2,3634.2,3634.363697
3634.2,3634.2,3634.440114
3633.6,3633.6,3634.519907
3633.6,3633.6,3634.603102
3633.6,3633.6,3634.689718
3635.8,3635.8,3634.779773
3633.4,3633.4,3634.873277
3634,3634,3634.970239
3633.8,3633.8,3635.070662
3633,3633,3635.174542
3633.8,3633.8,3635.281874
3633.8,3633.8,3635.392645
3634.6,3634.6,3635.50684
3633,3633,3635.624435
3634.4,3634.4,3635.745403
3634.4,3634.4,3635.869713
3635,3635,3635.997326
3632.8,3632.8,3636.128199
3634.2,3634.2,3636.262283
3634.2,3634.2,3636.399526
3633.2,3633.2,3636.539866
3632.6,3632.6,3636.68324
3632.6,3632.6,3636.829577
3632,3632,3636.9788
3631,3631,3637.13083
3632.8,3632.8,3637.285578
3633,3633,3637.442953
3632,3632,3637.602858
3632,3632,3637.765189
3633.8,3633.8,3637.929839
3635,3635,3638.096695
3636,3636,3638.265638
3634.6,3634.6,3638.436547
3636,3636,3638.609291
3636.6,3636.6,3638.783741
3636.6,3636.6,3638.959757
3636.6,3636.6,3639.137199
3636.6,3636.6,3639.31592
3636.8,3636.8,3639.495771
3636,3636,3639.676598
3635,3635,3639.858242
3637.8,3637.8,3640.040543
3636.8,3636.8,3640.223335
3634,3634,3640.406451
3636.8,3636.8,3640.589719
3637,3637,3640.772966
3637.4,3637.4,3640.956015
3637.6,3637.6,3641.138687
3637.4,3637.4,3641.320802
3637.4,3637.4,3641.502176
3637.4,3637.4,3641.682626
3637.8,3637.8,3641.861965
3637.8,3637.8,3642.040008
3638,3638,3642.216566
3636.8,3636.8,3642.391451
3636.8,3636.8,3642.564475
3639,3639,3642.735449
3638.8,3638.8,3642.904186
3638.8,3638.8,3643.070498
3636.4,3636.4,3643.234197
3636.4,3636.4,3643.3951
3639.4,3639.4,3643.553021
3639.4,3639.4,3643.707778
3639.6,3639.6,3643.859192
3639.6,3639.6,3644.007083
3639.6,3639.6,3644.151277
3639.8,3639.8,3644.291601
3641.8,3641.8,3644.427887
3641.8,3641.8,3644.559967
3641.8,3641.8,3644.687681
3642,3642,3644.81087
3642,3642,3644.929381
3641,3641,3645.043064
3641,3641,3645.151776
3641,3641,3645.255377
3643.8,3643.8,3645.353734
3641.8,3641.8,3645.446719
3643.6,3643.6,3645.534209
3643.8,3643.8,3645.616088
3643.8,3643.8,3645.692248
3641.8,3641.8,3645.762584
3641.6,3641.6,3645.827001
3641.4,3641.4,3645.885409
3641.6,3641.6,3645.937725
3640.4,3640.4,3645.983876
3641,3641,3646.023794
3641,3641,3646.057419
3641.2,3641.2,3646.0847
3640,3640,3646.105594
3641.4,3641.4,3646.120063
3642,3642,3646.128083
3642,3642,3646.129632
3640,3640,3646.124702
3640,3640,3646.11329
3640,3640,3646.095404
3640,3640,3646.071057
3642.2,3642.2,3646.040275
3640.8,3640.8,3646.003091
3640,3640,3645.959546
3640,3640,3645.90969
3642.2,3642.2,3645.853584
3640,3640,3645.791293
3642.6,3642.6,3645.722896
3642.6,3642.6,3645.648478
3642.6,3642.6,3645.568132
3640,3640,3645.48196
3640,3640,3645.390074
3643,3643,3645.292591
3640.4,3640.4,3645.189641
3640.4,3640.4,3645.081356
3642,3642,3644.967882
3642,3642,3644.849367
3640.4,3640.4,3644.725971
3642,3642,3644.59786
3640.4,3640.4,3644.465205
3639.8,3639.8,3644.328188
3641.8,3641.8,3644.186993
3641.8,3641.8,3644.041814
3638.6,3638.6,3643.892851
3641.6,3641.6,3643.740307
3641.6,3641.6,3643.584395
3639.8,3639.8,3643.425329
3639.8,3639.8,3643.263332
3641.6,3641.6,3643.098628
3639.6,3639.6,3642.93145
3639.6,3639.6,3642.76203
3639,3639,3642.590608
3638.6,3638.6,3642.417426
3638.6,3638.6,3642.242729
3641.8,3641.8,3642.066764
3638.6,3638.6,3641.889783
3638.6,3638.6,3641.712036
3640.8,3640.8,3641.533779
3638.6,3638.6,3641.355267
3640.4,3640.4,3641.176756
3639,3639,3640.998503
3639,3639,3640.820765
3638.8,3638.8,3640.643799
3638.8,3638.8,3640.467861
3638.8,3638.8,3640.293207
3638.6,3638.6,3640.12009
3640.2,3640.2,3639.948763
3640.4,3640.4,3639.779475
3640.4,3640.4,3639.612474
3640.4,3640.4,3639.448005
3640.4,3640.4,3639.286308
3640.4,3640.4,3639.127621
3638.8,3638.8,3638.972177
3640.4,3640.4,3638.820205
3638.8,3638.8,3638.67193
3639,3639,3638.52757
3640.4,3640.4,3638.387339
3640.2,3640.2,3638.251444
3639.2,3639.2,3638.120087
3641,3641,3637.993462
3641,3641,3637.871757
3639,3639,3637.755154
3638.6,3638.6,3637.643825
3640.8,3640.8,3637.537936
3638.4,3638.4,3637.437644
3638,3638,3637.343099
3636.8,3636.8,3637.254442
3635,3635,3637.171803
3634,3634,3637.095307
3636.2,3636.2,3637.025065
3636.2,3636.2,3636.961184
3638.4,3638.4,3636.903756
3635,3635,3636.852866
3635,3635,3636.808589
3635,3635,3636.77099
3635,3635,3636.740123
3637.8,3637.8,3636.71603
3635.2,3635.2,3636.698747
3635.6,3635.6,3636.688295
3638,3638,3636.684687
3638.4,3638.4,3636.687925
3638.4,3638.4,3636.697998
3638.4,3638.4,3636.714887
3638.4,3638.4,3636.738563
3638.4,3638.4,3636.768982
3639,3639,3636.806094
3640.6,3640.6,3636.849836
3641,3641,3636.900135
3641.2,3641.2,3636.956907
3640,3640,3637.020058
3642,3642,3637.089485
3642,3642,3637.165073
3642.8,3642.8,3637.246699
3642.8,3642.8,3637.334228
3642.2,3642.2,3637.427517
3643,3643,3637.526414
3644.2,3644.2,3637.630756
3644.2,3644.2,3637.740374
3644.6,3644.6,3637.855086
3645,3645,3637.974707
3644.6,3644.6,3638.099039
3644.6,3644.6,3638.227879
3641.4,3641.4,3638.361015
3641.4,3641.4,3638.49823
3641.4,3641.4,3638.639298
3643,3643,3638.783986
3643.2,3643.2,3638.932057
3642.2,3642.2,3639.083267
3641.8,3641.8,3639.237366
3641.8,3641.8,3639.394101
3644.6,3644.6,3639.553211
3644.6,3644.6,3639.714434
3643,3643,3639.877502
3645,3645,3640.042145
3645,3645,3640.208088
3645,3645,3640.375056
3643,3643,3640.542769
3644.8,3644.8,3640.710949
3644.6,3644.6,3640.879313
3645,3645,3641.047578
3644,3644,3641.215463
3645,3645,3641.382684
3641.2,3641.2,3641.54896
3643.8,3643.8,3641.714009
3642,3642,3641.87755
3641.8,3641.8,3642.039307
3641.8,3641.8,3642.199004
3644.8,3644.8,3642.356367
3641.6,3641.6,3642.511128
3645,3645,3642.663019
3641.2,3641.2,3642.811778
3643,3643,3642.957149
3645,3645,3643.098878
3645,3645,3643.236718
3641.2,3641.2,3643.370428
3644.2,3644.2,3643.499771
3641.6,3641.6,3643.624518
3641.2,3641.2,3643.744448
3641,3641,3643.859345
3641,3641,3643.969002
3641,3641,3644.073219
3641,3641,3644.171806
3641.2,3641.2,3644.264579
3641.2,3641.2,3644.351364
3641,3641,3644.431998
3641,3641,3644.506325
3641,3641,3644.574199
3641,3641,3644.635486
3641,3641,3644.690059
3641.4,3641.4,3644.737805
3641.4,3641.4,3644.778619
3641.8,3641.8,3644.812407
3641,3641,3644.839087
3641,3641,3644.858587
3641,3641,3644.870849
3641.6,3641.6,3644.875822
3641.6,3641.6,3644.87347
3641.2,3641.2,3644.863766
3639.8,3639.8,3644.846696
3639.8,3639.8,3644.822259
3644,3644,3644.790462
3643.2,3643.2,3644.751327
3639.8,3639.8,3644.704886
3638,3638,3644.651182
3638,3638,3644.59027
3640.4,3640.4,3644.522219
3640.2,3640.2,3644.447105
3640.6,3640.6,3644.365018
3640.6,3640.6,3644.276059
3640.6,3640.6,3644.180339
3642.4,3642.4,3644.07798
3642.4,3642.4,3643.969115
3640.2,3640.2,3643.853887
3641.6,3641.6,3643.73245
3640.6,3640.6,3643.604966
3640.2,3640.2,3643.47161
3640.6,3640.6,3643.332563
3639.4,3639.4,3643.188016
3638.2,3638.2,3643.038171
3641.8,3641.8,3642.883237
3639.2,3639.2,3642.723429
3639.2,3639.2,3642.558974
3637.8,3637.8,3642.390104
3637.8,3637.8,3642.217058
3641.4,3641.4,3642.040083
3639,3639,3641.859431
3638,3638,3641.675361
3637.6,3637.6,3641.488138
3643,3643,3641.29803
3638,3638,3641.105312
3640.4,3640.4,3640.910261
3638.4,3638.4,3640.713161
3640.4,3640.4,3640.514296
3638.4,3638.4,3640.313954
3638.4,3638.4,3640.112427
3639.4,3639.4,3639.910007
3638.2,3638.2,3639.706988
3638.2,3638.2,3639.503665
3638,3638,3639.300335
3638.4,3638.4,3639.097292
3638,3638,3638.894834
3638,3638,3638.693252
3638,3638,3638.492842
3638,3638,3638.293895
3636.2,3636.2,3638.096699
3635.6,3635.6,3637.90154
3635,3635,3637.708702
3635,3635,3637.518464
3636.2,3636.2,3637.331102
3636.2,3636.2,3637.146885
3636.2,3636.2,3636.966079
3636.2,3636.2,3636.788944
3638.2,3638.2,3636.615735
3635,3635,3636.446699
3637.8,3637.8,3636.282078
3636.2,3636.2,3636.122105
3637.8,3637.8,3635.967008
3638,3638,3635.817005
3638,3638,3635.672307
3638.6,3638.6,3635.533116
3638.4,3638.4,3635.399626
3636,3636,3635.27202
3635,3635,3635.150473
3635,3635,3635.03515
3635.2,3635.2,3634.926207
3636.6,3636.6,3634.823787
3635,3635,3634.728026
3635,3635,3634.639046
3635,3635,3634.55696
3635,3635,3634.481871
3635,3635,3634.413868
3635,3635,3634.353031
3635,3635,3634.299427
3633.6,3633.6,3634.253112
3633,3633,3634.21413
3633,3633,3634.182515
3632.2,3632.2,3634.158286
3632,3632,3634.141454
3631.8,3631.8,3634.132015
3631.6,3631.6,3634.129955
3631.6,3631.6,3634.135247
3631.6,3631.6,3634.147855
3631.8,3631.8,3634.167727
3632.6,3632.6,3634.194804
3633,3633,3634.229012
3632.2,3632.2,3634.270269
3632.2,3632.2,3634.318479
3632,3632,3634.373536
3632.2,3632.2,3634.435324
3632.2,3632.2,3634.503716
3632.2,3632.2,3634.578574
3632,3632,3634.659751
3632,3632,3634.74709
3632,3632,3634.840423
3632.2,3632.2,3634.939575
3631.8,3631.8,3635.044361
3632.2,3632.2,3635.154587
3635.4,3635.4,3635.270051
3633.6,3633.6,3635.390542
3633,3633,3635.515845
3635.8,3635.8,3635.645733
3634,3634,3635.779975
3633.6,3633.6,3635.918334
3633.2,3633.2,3636.060566
3633.2,3633.2,3636.206421
3633,3633,3636.355644
3632.6,3632.6,3636.507977
3632.6,3632.6,3636.663155
3632.4,3632.4,3636.820912
3633,3633,3636.980976
3635,3635,3637.143074
3635.6,3635.6,3637.30693
3634.6,3634.6,3637.472267
3634.6,3634.6,3637.638804
3638,3638,3637.806261
3635,3635,3637.974358
3635,3635,3638.142814
3635,3635,3638.311347
3635,3635,3638.47968
3635,3635,3638.647533
3634.6,3634.6,3638.814631
3634.6,3634.6,3638.9807
3634.6,3634.6,3639.145468
3634.6,3634.6,3639.308669
3634.4,3634.4,3639.470039
3636.4,3636.4,3639.629317
3636.8,3636.8,3639.78625
3635,3635,3639.940586
3634.4,3634.4,3640.092081
3635,3635,3640.240498
3635,3635,3640.385604
3636.6,3636.6,3640.527173
3636.8,3636.8,3640.664987
3635.2,3635.2,3640.798836
3637.4,3637.4,3640.928515
3634.4,3634.4,3641.053832
3634.4,3634.4,3641.174598
3634,3634,3641.290636
3633.2,3633.2,3641.401778
3633.2,3633.2,3641.507865
3636.4,3636.4,3641.608748
3634.2,3634.2,3641.704286
3634,3634,3641.79435
3634,3634,3641.878821
3635,3635,3641.95759
3635.4,3635.4,3642.030559
3636.8,3636.8,3642.097641
3636.8,3636.8,3642.158761
3637.8,3637.8,3642.213852
3637,3637,3642.26286
3638,3638,3642.305744
3635.2,3635.2,3642.342471
3635.8,3635.8,3642.373022
3637.4,3637.4,3642.397388
3638.6,3638.6,3642.415571
3637.2,3637.2,3642.427586
3636.8,3636.8,3642.433457
3636.8,3636.8,3642.433221
3637,3637,3642.426925
3637.2,3637.2,3642.414629
3636.8,3636.8,3642.396401
3636.8,3636.8,3642.372321
3636.4,3636.4,3642.34248
3636.4,3636.4,3642.30698
3636.8,3636.8,3642.265931
3636.4,3636.4,3642.219454
3638.8,3638.8,3642.16768
3636.4,3636.4,3642.11075
3636.2,3636.2,3642.048813
3636.4,3636.4,3641.982027
3636.2,3636.2,3641.910559
3635.6,3635.6,3641.834584
3635,3635,3641.754285
3635,3635,3641.669853
3634,3634,3641.581484
3634.8,3634.8,3641.489384
3633,3633,3641.393764
3633.6,3633.6,3641.294839
3632.2,3632.2,3641.192833
3631.8,3631.8,3641.087972
3631.8,3631.8,3640.980489
3631.8,3631.8,3640.87062
3631.8,3631.8,3640.758605
3631.4,3631.4,3640.644688
3631.8,3631.8,3640.529114
3635.4,3635.4,3640.412133
3633,3633,3640.293994
3633.2,3633.2,3640.174949
3634.6,3634.6,3640.055252
3636,3636,3639.935155
3633.2,3633.2,3639.814911
3633,3633,3639.694773
3633.6,3633.6,3639.574991
3632,3632,3639.455816
3633.8,3633.8,3639.337495
3634.8,3634.8,3639.220274
3635,3635,3639.104393
3635,3635,3638.990092
3635.6,3635.6,3638.877605
3634.8,3634.8,3638.767162
3632,3632,3638.658988
3632,3632,3638.553303
3635.4,3635.4,3638.45032
3631.8,3631.8,3638.350247
3634.4,3634.4,3638.253284
3634.4,3634.4,3638.159626
3634.2,3634.2,3638.069459
3636.8,3636.8,3637.982959
3634.2,3634.2,3637.900299
3634.2,3634.2,3637.821638
3636.6,3636.6,3637.747128
3637.8,3637.8,3637.676914
3634.8,3634.8,3637.611128
3634.8,3634.8,3637.549894
3636.2,3636.2,3637.493324
3635.2,3635.2,3637.441521
3636.4,3636.4,3637.394577
3636.4,3636.4,3637.352573
3638,3638,3637.315578
3639.2,3639.2,3637.283652
3640,3640,3637.25684
3639.8,3639.8,3637.235177
3639.8,3639.8,3637.218688
3639.8,3639.8,3637.207383
3639.8,3639.8,3637.201263
3639.8,3639.8,3637.200313
3638.6,3638.6,3637.20451
3637.4,3637.4,3637.213817
3639.6,3639.6,3637.228184
3638.6,3638.6,3637.247551
3638.8,3638.8,3637.271844
3638.8,3638.8,3637.300979
3639,3639,3637.334859
3639,3639,3637.373374
3639.8,3639.8,3637.416405
3640.2,3640.2,3637.46382
3640.2,3640.2,3637.515475
3640.4,3640.4,3637.571217
3640.4,3640.4,3637.63088
3641.6,3641.6,3637.694289
3640.6,3640.6,3637.761257
3640.4,3640.4,3637.831589
3640.6,3640.6,3637.905079
3640.4,3640.4,3637.981511
3640.2,3640.2,3638.06066
3640.4,3640.4,3638.142294
3641.2,3641.2,3638.22617
3640,3640,3638.312039
3640,3640,3638.399644
3638.2,3638.2,3638.488721
3638,3638,3638.578997
3641.2,3641.2,3638.670196
3641.2,3641.2,3638.762033
3641.2,3641.2,3638.854222
3640,3640,3638.946467
3638.2,3638.2,3639.038472
3640.4,3640.4,3639.129934
3638.4,3638.4,3639.220549
3638,3638,3639.310008
3635.8,3635.8,3639.398002
3634.8,3634.8,3639.484219
3635,3635,3639.568345
3637.8,3637.8,3639.650068
3637.8,3637.8,3639.729075
3635.8,3635.8,3639.80505
3635.8,3635.8,3639.877684
3638.8,3638.8,3639.946666
3634.6,3634.6,3640.011688
3635,3635,3640.072443
3635.2,3635.2,3640.128632
3635.2,3635.2,3640.179955
3635.2,3635.2,3640.226119
3637.4,3637.4,3640.266835
3636.8,3636.8,3640.301822
3637,3637,3640.330801
3636.4,3636.4,3640.353503
3637.4,3637.4,3640.369665
3635.2,3635.2,3640.379032
3635,3635,3640.381357
3634.2,3634.2,3640.376401
3634.2,3634.2,3640.363935
3634.2,3634.2,3640.34374
3635.8,3635.8,3640.315607
3635.2,3635.2,3640.279336
3634.6,3634.6,3640.234741
3634,3634,3640.181644
3634,3634,3640.119881
3634,3634,3640.0493
3635,3635,3639.96976
3635.8,3635.8,3639.881135
3634.8,3634.8,3639.783312
3634.8,3634.8,3639.676189
3635,3635,3639.559681
3634.2,3634.2,3639.433714
3633.8,3633.8,3639.298231
3635.6,3635.6,3639.153189
3634.4,3634.4,3638.998557
3632,3632,3638.834323
3632,3632,3638.660487
3632,3632,3638.477065
3632,3632,3638.284088
3631.4,3631.4,3638.081604
3631.8,3631.8,3637.869673
3631.8,3631.8,3637.648374
3632.6,3632.6,3637.417799
3631.4,3631.4,3637.178057
3630.6,3630.6,3636.92927
3630,3630,3636.671577
3629,3629,3636.405132
3629,3629,3636.130105
3630.2,3630.2,3635.846678
3630.2,3630.2,3635.55505
3630,3630,3635.255433
3628.8,3628.8,3634.948056
3627.6,3627.6,3634.633159
3627.4,3627.4,3634.310998
3627.2,3627.2,3633.981839
3627.4,3627.4,3633.645966
3627.2,3627.2,3633.303673
3626.8,3626.8,3632.955265
3626.8,3626.8,3632.601063
3626.2,3626.2,3632.241397
3627.6,3627.6,3631.876608
3626.6,3626.6,3631.507049
3626.6,3626.6,3631.133084
3630,3630,3630.755084
3627,3627,3630.373433
3627.6,3627.6,3629.98852
3627.6,3627.6,3629.600747
3627.6,3627.6,3629.210519
3627.2,3627.2,3628.818251
3626.4,3626.4,3628.424364
3630.2,3630.2,3628.029286
3626.8,3626.8,3627.633448
3629.8,3629.8,3627.237288
3627.6,3627.6,3626.841247
3627.2,3627.2,3626.445771
3626.2,3626.2,3626.051308
3627.2,3627.2,3625.658309
3629.4,3629.4,3625.267225
3628,3628,3624.878509
3627.2,3627.2,3624.492616
3626,3626,3624.109998
3625.8,3625.8,3623.731107
3625.2,3625.2,3623.356395
3625,3625,3622.986308
3625,3625,3622.621293
3626,3626,3622.261791
3628.4,3628.4,3621.90824
3628.6,3628.6,3621.561072
3625.2,3625.2,3621.220713
3625,3625,3620.887584
3628.6,3628.6,3620.5621
3628.6,3628.6,3620.244665
3627.2,3627.2,3619.935679
3625,3625,3619.635531
3624.4,3624.4,3619.3446
3623.4,3623.4,3619.063256
3623.4,3623.4,3618.79186
3627.8,3627.8,3618.53076
3624.4,3624.4,3618.280293
3624.4,3624.4,3618.040784
3624.2,3624.2,3617.812545
3627,3627,3617.595875
3624,3624,3617.391061
3624,3624,3617.198373
3626.6,3626.6,3617.01807
3627,3627,3616.850392
3624,3624,3616.695568
3624,3624,3616.553809
3626.4,3626.4,3616.425311
3623.2,3623.2,3616.310252
3626,3626,3616.208795
3624.2,3624.2,3616.121086
3623.6,3623.6,3616.047253
3626.8,3626.8,3615.987409
3627.2,3627.2,3615.941646
3624.6,3624.6,3615.91004
3627.2,3627.2,3615.892651
3628.4,3628.4,3615.889517
3627,3627,3615.900662
3627,3627,3615.926089
3625.4,3625.4,3615.965783
3625.4,3625.4,3616.019714
3627.4,3627.4,3616.087829
3625.6,3625.6,3616.170061
3627.4,3627.4,3616.266322
3627.6,3627.6,3616.376509
3627.6,3627.6,3616.500498
3625.2,3625.2,3616.638148
3624.8,3624.8,3616.789304
3624.8,3624.8,3616.953788
3625,3625,3617.131409
3625,3625,3617.321958
3627.4,3627.4,3617.52521
3627.4,3627.4,3617.740922
3624.4,3624.4,3617.968836
3624,3624,3618.20868
3624,3624,3618.460165
3623.6,3623.6,3618.722986
3623.6,3623.6,3618.996828
3627,3627,3619.281357
3623.8,3623.8,3619.576229
3625,3625,3619.881085
3626,3626,3620.195556
3627.2,3627.2,3620.519257
3624.2,3624.2,3620.851796
3624.4,3624.4,3621.192767
3624.2,3624.2,3621.541754
3626.6,3626.6,3621.898334
3626.6,3626.6,3622.262072
3626.6,3626.6,3622.632524
3624.6,3624.6,3623.009242
3624.2,3624.2,3623.391767
3624.8,3624.8,3623.779634
3626.6,3626.6,3624.172375
3624.2,3624.2,3624.569512
3626.4,3626.4,3624.970567
3626.8,3626.8,3625.375054
3626.8,3626.8,3625.782488
3626.8,3626.8,3626.192378
3625.2,3625.2,3626.604233
3625.2,3625.2,3627.01756
3627,3627,3627.431866
3625.4,3625.4,3627.846658
3627.2,3627.2,3628.261445
3627.4,3627.4,3628.675735
3627.6,3627.6,3629.089042
3624.8,3624.8,3629.50088
3624.8,3624.8,3629.910767
3627,3627,3630.318228
3625.4,3625.4,3630.722791
3625,3625,3631.123988
3625,3625,3631.521362
3624.8,3624.8,3631.914458
3624.8,3624.8,3632.302831
3625,3625,3632.686045
3626.6,3626.6,3633.063672
3627,3627,3633.435293
3627.2,3627.2,3633.800499
3627.4,3627.4,3634.158891
3627,3627,3634.510083
3627,3627,3634.853699
3624.6,3624.6,3635.189376
3624.6,3624.6,3635.516762
3626,3626,3635.835519
3627.6,3627.6,3636.145324
3624.4,3624.4,3636.445865
3624,3624,3636.736846
3626,3626,3637.017985
3626.2,3626.2,3637.289016
3628.8,3628.8,3637.549687
3624,3624,3637.799762
3628.6,3628.6,3638.039021
3624.8,3624.8,3638.26726
3627.4,3627.4,3638.484293
3627.4,3627.4,3638.689948
3625,3625,3638.88407
3624.8,3624.8,3639.066523
3624.8,3624.8,3639.237187
3627.2,3627.2,3639.395957
3627.4,3627.4,3639.542749
3628.2,3628.2,3639.677493
3626.4,3626.4,3639.800138
3625,3625,3639.910649
3627.4,3627.4,3640.009009
3627.4,3627.4,3640.095218
3624.8,3624.8,3640.169293
3624.8,3624.8,3640.231267
3625.6,3625.6,3640.281191
3625.6,3625.6,3640.319133
3625.6,3625.6,3640.345175
3627,3627,3640.359416
3624.6,3624.6,3640.361974
3624.4,3624.4,3640.352978
3624,3624,3640.332575
3627,3627,3640.300926
3624,3624,3640.258208
3624.2,3624.2,3640.204612
3626,3626,3640.140341
3624,3624,3640.065614
3624,3624,3639.980661
3624,3624,3639.885726
3627.6,3627.6,3639.781066
3625.2,3625.2,3639.666948
3628.8,3628.8,3639.543651
3628.6,3628.6,3639.411464
3628.8,3628.8,3639.270688
3629.8,3629.8,3639.121631
3627,3627,3638.964613
3629.8,3629.8,3638.799961
3631.8,3631.8,3638.628009
3630.8,3630.8,3638.4491
3628.6,3628.6,3638.263584
3629,3629,3638.071815
3631,3631,3637.874154
3628.2,3628.2,3637.670968
3628.2,3628.2,3637.462626
3631,3631,3637.249503
3630,3630,3637.031974
3628,3628,3636.81042
3631,3631,3636.585221
3628.2,3628.2,3636.356759
3630.8,3630.8,3636.125417
3631.2,3631.2,3635.891578
3631.2,3631.2,3635.655622
3631.2,3631.2,3635.41793
3629,3629,3635.17888
3631,3631,3634.938847
3631.6,3631.6,3634.698205
3629,3629,3634.45732
3631.2,3631.2,3634.216557
3629,3629,3633.976276
3629,3629,3633.736828
3628.6,3628.6,3633.498561
3629,3629,3633.261815
3629,3629,3633.026923
3629,3629,3632.79421
3628.4,3628.4,3632.563994
3628.4,3628.4,3632.336582
3628.4,3628.4,3632.112273
3629,3629,3631.891355
3628.8,3628.8,3631.674109
3628.2,3628.2,3631.460803
3629.2,3629.2,3631.251693
3628,3628,3631.047026
3629.2,3629.2,3630.847036
3628,3628,3630.651945
3629.2,3629.2,3630.461963
3628.8,3628.8,3630.277289
3628.8,3628.8,3630.098105
3628.8,3628.8,3629.924583
3628.2,3628.2,3629.756881
3628,3628,3629.595143
3629.4,3629.4,3629.439499
3628.2,3628.2,3629.290066
3628.2,3628.2,3629.146946
3628.2,3628.2,3629.010229
3628,3628,3628.879986
3628.8,3628.8,3628.75628
3628,3628,3628.639154
3628,3628,3628.52864
3628,3628,3628.424756
3628,3628,3628.327503
3627.8,3627.8,3628.236871
3630.6,3630.6,3628.152834
3630.8,3630.8,3628.075351
3627.4,3627.4,3628.004371
3627.4,3627.4,3627.939826
3630.8,3630.8,3627.881635
3630.6,3630.6,3627.829705
3629.4,3629.4,3627.78393
3629.8,3629.8,3627.74419
3628.8,3628.8,3627.710353
3628.2,3628.2,3627.682276
3628.6,3628.6,3627.659802
3628.8,3628.8,3627.642764
3628.8,3628.8,3627.630984
3628,3628,3627.624273
3627.4,3627.4,3627.622431
3627.8,3627.8,3627.625248
3628.2,3628.2,3627.632506
3627.2,3627.2,3627.643976
3627.2,3627.2,3627.659422
3627.2,3627.2,3627.678599
3630.4,3630.4,3627.701254
3627,3627,3627.727128
3627,3627,3627.755954
3628,3628,3627.787461
3627.8,3627.8,3627.821369
3627.8,3627.8,3627.857396
3627.8,3627.8,3627.895254
3629,3629,3627.934652
3627.2,3627.2,3627.975295
3627.2,3627.2,3628.016885
3627,3627,3628.059122
3627,3627,3628.101704
3627,3627,3628.144328
3627,3627,3628.186692
3627,3627,3628.228491
3627,3627,3628.269423
3627,3627,3628.309186
3627,3627,3628.34748
3627,3627,3628.384008
3627,3627,3628.418475
3627.2,3627.2,3628.450589
3627.8,3627.8,3628.480064
3631,3631,3628.506616
3631,3631,3628.529968
3628,3628,3628.549846
3629,3629,3628.565985
3630.4,3630.4,3628.578126
3627.8,3627.8,3628.586014
3630,3630,3628.589405
3630.2,3630.2,3628.588062
3630.4,3630.4,3628.581755
3630,3630,3628.570264
3630,3630,3628.553379
3630,3630,3628.530898
3630.6,3630.6,3628.502629
3630.4,3630.4,3628.468392
3630.6,3630.6,3628.428017
3630.6,3630.6,3628.381343
3628.8,3628.8,3628.328224
3628.6,3628.6,3628.268522
3630.6,3630.6,3628.202113
3628.2,3628.2,3628.128885
3628.2,3628.2,3628.048738
3628.2,3628.2,3627.961583
3630.6,3630.6,3627.867345
3630.8,3630.8,3627.765964
3630.8,3630.8,3627.657388
3630.8,3630.8,3627.541582
3631,3631,3627.418523
3629.2,3629.2,3627.288201
3630.4,3630.4,3627.150619
3630.8,3630.8,3627.005794
3630.8,3630.8,3626.853756
3630.8,3630.8,3626.694546
3630.6,3630.6,3626.528223
3628,3628,3626.354854
3628,3628,3626.174521
3627.2,3627.2,3625.98732
3630.4,3630.4,3625.793358
3627.2,3627.2,3625.592755
3629.6,3629.6,3625.385643
3626.6,3626.6,3625.172166
3627.8,3627.8,3624.952482
3630.4,3630.4,3624.726757
3630.4,3630.4,3624.495171
3630,3630,3624.257913
3630,3630,3624.015186
3628.2,3628.2,3623.767199
3629.4,3629.4,3623.514175
3629.2,3629.2,3623.256343
3629.8,3629.8,3622.993945
3629,3629,3622.727228
3628.2,3628.2,3622.456452
3627.8,3627.8,3622.18188
3627.8,3627.8,3621.903786
3627.8,3627.8,3621.622449
3627.8,3627.8,3621.338158
3627.4,3627.4,3621.051204
3626.6,3626.6,3620.761886
3623.2,3623.2,3620.470507
3623,3623,3620.177376
3623,3623,3619.882806
3622,3622,3619.587112
3622,3622,3619.290613
3622,3622,3618.993631
3621.8,3621.8,3618.696489
3622,3622,3618.399512
3621,3621,3618.103027
3622.8,3622.8,3617.807358
3624.4,3624.4,3617.512833
3622.2,3622.2,3617.219776
3625,3625,3616.928511
3620,3620,3616.639361
3621,3621,3616.352643
3624.6,3624.6,3616.068676
3620,3620,3615.787772
3620.2,3620.2,3615.51024
3622,3622,3615.236385
3620,3620,3614.966507
3622.4,3622.4,3614.700898
3619.8,3619.8,3614.439848
3619.8,3619.8,3614.183637
3619,3619,3613.932539
3618,3618,3613.686822
3618,3618,3613.446744
3618,3618,3613.212557
3620.4,3620.4,3612.984501
3621.6,3621.6,3612.762809
3621.6,3621.6,3612.547705
3617.6,3617.6,3612.339401
3622,3622,3612.1381
3616.6,3616.6,3611.943994
3621.2,3621.2,3611.757264
3618.2,3618.2,3611.578081
3618,3618,3611.406602
3620.4,3620.4,3611.242974
3616.8,3616.8,3611.087331
3619.4,3619.4,3610.939796
3619.2,3619.2,3610.800477
3619.4,3619.4,3610.669473
3619.8,3619.8,3610.546867
3619.8,3619.8,3610.43273
3616,3616,3610.32712
3619.8,3619.8,3610.230083
3618,3618,3610.141649
3620.2,3620.2,3610.061838
3620.6,3620.6,3609.990654
3617.2,3617.2,3609.928089
3617.4,3617.4,3609.874121
3616.8,3616.8,3609.828716
3616.8,3616.8,3609.791826
3617.4,3617.4,3609.763388
3617,3617,3609.74333
3616.6,3616.6,3609.731563
3616.8,3616.8,3609.727989
3618,3618,3609.732495
3617,3617,3609.744956
3616.8,3616.8,3609.765235
3617.4,3617.4,3609.793184
3617.4,3617.4,3609.828642
3615.2,3615.2,3609.871437
3615,3615,3609.921387
3616,3616,3609.978298
3615,3615,3610.041966
3616,3616,3610.112177
3616.6,3616.6,3610.188707
3615,3615,3610.271323
3613.8,3613.8,3610.359783
3615,3615,3610.453836
3615,3615,3610.553223
3612.2,3612.2,3610.657678
3614,3614,3610.766928
3613.2,3613.2,3610.880692
3613.2,3613.2,3610.998684
3613,3613,3611.120611
3613,3613,3611.246176
3613,3613,3611.375076
3613,3613,3611.507004
3613,3613,3611.64165
3612,3612,3611.778701
3612.6,3612.6,3611.917841
3612.6,3612.6,3612.058749
3612.8,3612.8,3612.201108
3612,3612,3612.344594
3614.8,3614.8,3612.488888
3612,3612,3612.633666
3612,3612,3612.778609
3612,3612,3612.923395
3613.8,3613.8,3613.067706
3614,3614,3613.211227
3614,3614,3613.353643
3612,3612,3613.494644
3612,3612,3613.633924
3612,3612,3613.77118
3613.6,3613.6,3613.906115
3612,3612,3614.038436
3611.8,3611.8,3614.167857
3611.2,3611.2,3614.294097
3611.2,3611.2,3614.416884
3612,3612,3614.53595
3613.2,3613.2,3614.651036
3611.2,3611.2,3614.761893
3611.2,3611.2,3614.868276
3613.8,3613.8,3614.969954
3613.8,3613.8,3615.066701
3613.8,3613.8,3615.158302
3612.4,3612.4,3615.244555
3613,3613,3615.325262
3611.2,3611.2,3615.400242
3611.2,3611.2,3615.469321
3611.2,3611.2,3615.532338
3613,3613,3615.589142
3613,3613,3615.639594
3616.8,3616.8,3615.68357
3616.6,3616.6,3615.720953
3614.8,3614.8,3615.751642
3615.8,3615.8,3615.775548
3612.6,3612.6,3615.792593
3613.2,3613.2,3615.802714
3617,3617,3615.805859
3613.6,3613.6,3615.801989
3613.4,3613.4,3615.79108
3613.4,3613.4,3615.77312
3613.2,3613.2,3615.748108
3614,3614,3615.716058
3611.4,3611.4,3615.676997
3616,3616,3615.630966
3613.2,3613.2,3615.578015
3613,3613,3615.518211
3615.8,3615.8,3615.45163
3615.2,3615.2,3615.378365
3615.8,3615.8,3615.298516
3615.6,3615.6,3615.212199
3614.4,3614.4,3615.119541
3615.6,3615.6,3615.02068
3614.4,3614.4,3614.915766
3616,3616,3614.804959
3616,3616,3614.688433
3616,3616,3614.566369
3616,3616,3614.43896
3616,3616,3614.30641
3616.4,3616.4,3614.16893
3614,3614,3614.026743
3616.4,3616.4,3613.880079
3612.6,3612.6,3613.729176
3611.2,3611.2,3613.574283
3611.2,3611.2,3613.415654
3610.6,3610.6,3613.25355
3610.4,3610.4,3613.088241
3611.8,3611.8,3612.92
3614.6,3614.6,3612.74911
3616,3616,3612.575854
3616.4,3616.4,3612.400525
3616,3616,3612.223417
3616,3616,3612.044829
3615.8,3615.8,3611.865064
3615.8,3615.8,3611.684425
3615.8,3615.8,3611.503221
3616.2,3616.2,3611.32176
3616.4,3616.4,3611.140351
3616.6,3616.6,3610.959307
3616,3616,3610.778937
3613,3613,3610.599551
3616.2,3616.2,3610.42146
3613,3613,3610.244972
3616.4,3616.4,3610.070391
3616.4,3616.4,3609.898022
3610.2,3610.2,3609.728165
3610.2,3610.2,3609.561116
3615.8,3615.8,3609.397168
3615.8,3615.8,3609.23661
3612,3612,3609.079725
3612.2,3612.2,3608.926789
3614.4,3614.4,3608.778074
3612.2,3612.2,3608.633845
3612,3612,3608.494359
3615.8,3615.8,3608.359868
3612.4,3612.4,3608.230614
3612.4,3612.4,3608.106831
3612.2,3612.2,3607.988745
3611.8,3611.8,3607.876571
3610.6,3610.6,3607.770518
3610,3610,3607.670783
3610,3610,3607.577552
3612.2,3612.2,3607.491002
3610,3610,3607.4113
3610,3610,3607.338598
3612.2,3612.2,3607.273042
3612.2,3612.2,3607.214762
3610,3610,3607.163879
3614.8,3614.8,3607.120499
3613.8,3613.8,3607.084719
3613.8,3613.8,3607.056621
3614.4,3614.4,3607.036276
3610.8,3610.8,3607.02374
3614.2,3614.2,3607.01906
3612.2,3612.2,3607.022265
3612.2,3612.2,3607.033376
3614.2,3614.2,3607.052397
3610.8,3610.8,3607.079322
3611,3611,3607.114128
3614,3614,3607.156782
3613.6,3613.6,3607.207237
3614,3614,3607.265434
3614.4,3614.4,3607.331298
3614.6,3614.6,3607.404745
3614.6,3614.6,3607.485675
3615,3615,3607.573977
3613.6,3613.6,3607.669527
3614.4,3614.4,3607.77219
3614.8,3614.8,3607.881816
3614.8,3614.8,3607.998247
3615,3615,3608.12131
3613.2,3613.2,3608.250823
3615.2,3615.2,3608.386591
3615.8,3615.8,3608.52841
3616,3616,3608.676063
3613.8,3613.8,3608.829326
3613.6,3613.6,3608.987964
3616.8,3616.8,3609.15173
3617,3617,3609.320371
3613.8,3613.8,3609.493625
3616.6,3616.6,3609.67122
3613.8,3613.8,3609.852878
3613.8,3613.8,3610.038312
3615.8,3615.8,3610.227229
3613.8,3613.8,3610.419329
3613.8,3613.8,3610.614306
3615.8,3615.8,3610.811848
3615.6,3615.6,3611.011638
3614,3614,3611.213356
3615.6,3615.6,3611.416674
3614,3614,3611.621264
3613.8,3613.8,3611.826794
3613.8,3613.8,3612.032927
3616.6,3616.6,3612.239327
3614,3614,3612.445655
3615,3615,3612.651571
3617,3617,3612.856733
3617,3617,3613.060802
3616.8,3616.8,3613.263438
3616.6,3616.6,3613.464299
3617,3617,3613.663051
3616,3616,3613.859355
3616,3616,3614.05288
3618,3618,3614.243295
3616.8,3616.8,3614.430274
3616,3616,3614.613493
3618.4,3618.4,3614.792636
3616.4,3616.4,3614.96739
3618,3618,3615.137446
3618,3618,3615.302503
3617.8,3617.8,3615.462267
3616.2,3616.2,3615.616449
3615.6,3615.6,3615.764769
3617,3617,3615.906953
3617,3617,3616.042736
3617.6,3617.6,3616.171862
3617.4,3617.4,3616.294084
3617.6,3617.6,3616.409163
3617.4,3617.4,3616.516871
3617.6,3617.6,3616.616989
3617.4,3617.4,3616.70931
3617.4,3617.4,3616.793635
3616.8,3616.8,3616.869777
3617,3617,3616.937562
3617.6,3617.6,3616.996826
3617.6,3617.6,3617.047415
3617.4,3617.4,3617.08919
3617.4,3617.4,3617.122022
3617.2,3617.2,3617.145795
3615.8,3615.8,3617.160405
3615.4,3615.4,3617.165762
3614.4,3614.4,3617.161787
3615,3615,3617.148415
3613,3613,3617.125593
3613.6,3613.6,3617.093281
3613,3613,3617.051453
3613,3613,3617.000095
3614.4,3614.4,3616.939207
3614.4,3614.4,3616.868801
3614.6,3614.6,3616.788903
3615,3615,3616.69955
3613.2,3613.2,3616.600795
3614.2,3614.2,3616.492702
3612,3612,3616.375346
3612,3612,3616.248818
3612,3612,3616.113219
3612.4,3612.4,3615.968663
3611.6,3611.6,3615.815275
3611,3611,3615.653193
3610.4,3610.4,3615.482566
3610,3610,3615.303556
3609,3609,3615.116333
3611,3611,3614.92108
3608.2,3608.2,3614.71799
3608,3608,3614.507266
3609.8,3609.8,3614.289123
3610.2,3610.2,3614.063781
3608,3608,3613.831474
3608.8,3608.8,3613.592443
3611.6,3611.6,3613.346936
3609.2,3609.2,3613.095212
3608.4,3608.4,3612.837535
3609,3609,3612.574179
3608.2,3608.2,3612.305424
3610,3610,3612.031554
3611.6,3611.6,3611.752864
3611.2,3611.2,3611.46965
3611.2,3611.2,3611.182215
3610.2,3610.2,3610.890869
3609.6,3609.6,3610.595922
3609,3609,3610.297692
3608.4,3608.4,3609.996497
3609,3609,3609.692661
3610,3610,3609.386508
3609,3609,3609.078364
3609.4,3609.4,3608.76856
3608.4,3608.4,3608.457423
3608,3608,3608.145285
3607.2,3607.2,3607.832475
3607.4,3607.4,3607.519324
3607,3607,3607.206161
3606,3606,3606.893313
3606,3606,3606.581107
3606,3606,3606.269866
3605,3605,3605.959914
3605,3605,3605.651567
3605,3605,3605.34514
3604.8,3604.8,3605.040945
3604,3604,3604.739289
3604,3604,3604.440474
3605.4,3605.4,3604.144796
3605.8,3605.8,3603.852547
3606.6,3606.6,3603.564012
3603.4,3603.4,3603.279471
3603.2,3603.2,3602.999198
3603.4,3603.4,3602.723456
3603,3603,3602.452506
3603,3603,3602.186599
3603,3603,3601.925976
3603,3603,3601.670875
3603,3603,3601.42152
3603.6,3603.6,3601.178131
3602,3602,3600.940916
3603,3603,3600.710075
3605,3605,3600.485799
3604,3604,3600.268268
3602.2,3602.2,3600.057654
3604,3604,3599.854118
3604,3604,3599.657811
3604,3604,3599.468875
3602,3602,3599.28744
3604.6,3604.6,3599.113627
3604.8,3604.8,3598.947546
3605,3605,3598.789295
3603.6,3603.6,3598.638964
3603.6,3603.6,3598.496631
3602,3602,3598.362364
3602,3602,3598.236219
3604,3604,3598.118243
3604,3604,3598.008471
3603,3603,3597.906928
3603.6,3603.6,3597.81363
3603.6,3603.6,3597.728581
3603.6,3603.6,3597.651774
3603.6,3603.6,3597.583193
3604,3604,3597.522813
3603.2,3603.2,3597.470597
3605,3605,3597.426499
3605,3605,3597.390464
3604.6,3604.6,3597.362428
3605.6,3605.6,3597.342315
3606.4,3606.4,3597.330044
3604.2,3604.2,3597.325522
3604.4,3604.4,3597.328649
3606.8,3606.8,3597.339317
3604,3604,3597.357408
3604.4,3604.4,3597.382799
3604.4,3604.4,3597.415358
3606.2,3606.2,3597.454945
3607,3607,3597.501414
3606.8,3606.8,3597.554614
3607,3607,3597.614384
3602,3602,3597.68056
3602,3602,3597.752971
3604.4,3604.4,3597.831442
3604.4,3604.4,3597.915791
3606,3606,3598.005833
3606.2,3606.2,3598.101378
3605,3605,3598.202231
3606,3606,3598.308195
3604.4,3604.4,3598.41907
3605,3605,3598.534651
3604,3604,3598.654731
3604,3604,3598.779103
3604,3604,3598.907556
3605.6,3605.6,3599.039877
3604.2,3604.2,3599.175853
3605.6,3605.6,3599.31527
3604,3604,3599.457914
3604.8,3604.8,3599.603569
3604.8,3604.8,3599.752021
3606,3606,3599.903057
3605,3605,3600.056461
3605,3605,3600.212024
3604.8,3604.8,3600.369534
3606,3606,3600.528781
3606.6,3606.6,3600.689561
3606.8,3606.8,3600.851667
3607,3607,3601.0149
3607,3607,3601.179059
3607.2,3607.2,3601.34395
3608.8,3608.8,3601.509381
3606,3606,3601.675164
3608.2,3608.2,3601.841114
3609,3609,3602.007052
3609,3609,3602.172803
3609,3609,3602.338195
3608.4,3608.4,3602.503062
3609.2,3609.2,3602.667245
3609,3609,3602.830587
3608.4,3608.4,3602.992939
3607.2,3607.2,3603.154155
3609.8,3609.8,3603.314097
3610,3610,3603.472633
3609.2,3609.2,3603.629634
3609.8,3609.8,3603.784981
3609.4,3609.4,3603.938557
3609.4,3609.4,3604.090256
3609.2,3609.2,3604.239974
3609.6,3609.6,3604.387616
3608.2,3608.2,3604.533093
3609.4,3609.4,3604.676322
3608,3608,3604.817225
3609.6,3609.6,3604.955734
3608.8,3608.8,3605.091785
3608,3608,3605.225321
3607.6,3607.6,3605.356291
3608,3608,3605.484652
3608,3608,3605.610365
3608,3608,3605.7334
3607.4,3607.4,3605.85373
3607.4,3607.4,3605.971337
3607.4,3607.4,3606.086208
3608.2,3608.2,3606.198336
3608,3608,3606.307719
3608.2,3608.2,3606.414361
3607.6,3607.6,3606.518274
3607.6,3607.6,3606.619471
3608,3608,3606.717974
3608,3608,3606.813809
3608,3608,3606.907006
3609,3609,3606.997601
3609.8,3609.8,3607.085634
3608,3608,3607.171149
3608,3608,3607.254195
3608.4,3608.4,3607.334825
3608.4,3608.4,3607.413095
3609,3609,3607.489066
3609,3609,3607.562801
3608.2,3608.2,3607.634366
3609.4,3609.4,3607.703832
3607.6,3607.6,3607.77127
3609.4,3609.4,3607.836756
3607.6,3607.6,3607.900366
3609.4,3609.4,3607.96218
3607,3607,3608.022279
3609.4,3609.4,3608.080745
3609.4,3609.4,3608.137662
3606,3606,3608.193115
3609,3609,3608.247191
3609.2,3609.2,3608.299974
3607.8,3607.8,3608.351553
3609.6,3609.6,3608.402015
3607.2,3607.2,3608.451447
3609,3609,3608.499935
3609,3609,3608.547567
3609.6,3609.6,3608.594428
3609.6,3609.6,3608.640603
3609.6,3609.6,3608.686176
3609.6,3609.6,3608.731229
3609.6,3609.6,3608.775844
3608.2,3608.2,3608.8201
3608.2,3608.2,3608.864075
3609.4,3609.4,3608.907844
3609,3609,3608.951482
3609.6,3609.6,3608.995059
3609.6,3609.6,3609.038644
3608.6,3608.6,3609.082303
3608.6,3608.6,3609.1261
3607.2,3607.2,3609.170095
3609,3609,3609.214345
3609.6,3609.6,3609.258905
3609.6,3609.6,3609.303826
3609.8,3609.8,3609.349155
3609.8,3609.8,3609.394938
3608.6,3608.6,3609.441216
3610,3610,3609.488024
3609.4,3609.4,3609.535398
3608.4,3608.4,3609.583368
3608.4,3608.4,3609.63196
3608,3608,3609.681196
3610,3610,3609.731096
3609.6,3609.6,3609.781676
3610,3610,3609.832946
3610,3610,3609.884914
3609,3609,3609.937585
3608.6,3608.6,3609.990958
3609,3609,3610.045031
3610,3610,3610.099797
3608.8,3608.8,3610.155245
3608.8,3608.8,3610.21136
3610,3610,3610.268126
3610,3610,3610.325522
3608.8,3608.8,3610.383524
3611,3611,3610.442103
3609.8,3609.8,3610.501231
3610,3610,3610.560873
3610.8,3610.8,3610.620994
3610.8,3610.8,3610.681553
3610.4,3610.4,3610.742511
3610,3610,3610.803822
3610.6,3610.6,3610.86544
3610.6,3610.6,3610.927317
3611,3611,3610.989402
3611.4,3611.4,3611.051642
3611.6,3611.6,3611.113984
3612,3612,3611.17637
3612,3612,3611.238745
3612.2,3612.2,3611.301048
3612,3612,3611.363222
3613,3613,3611.425204
3613,3613,3611.486935
3612,3612,3611.548353
3610.4,3610.4,3611.609394
3612.4,3612.4,3611.669998
3611,3611,3611.730101
3610,3610,3611.789642
3610,3610,3611.848559
3612.8,3612.8,3611.906792
3612.8,3612.8,3611.964278
3612.8,3612.8,3612.02096
3612.2,3612.2,3612.076779
3612.2,3612.2,3612.131678
3613,3613,3612.1856
3613,3613,3612.238492
3612.2,3612.2,3612.290302
3610.8,3610.8,3612.34098
3613.2,3613.2,3612.390476
3614.6,3614.6,3612.438745
3614.8,3614.8,3612.485744
3614.8,3614.8,3612.531431
3614.6,3614.6,3612.575768
3615.2,3615.2,3612.61872
3615.2,3615.2,3612.660253
3615.2,3615.2,3612.700338
3617,3617,3612.738949
3615.6,3615.6,3612.776063
3615.4,3615.4,3612.811659
3615.2,3615.2,3612.845722
3614.4,3614.4,3612.878239
3614,3614,3612.9092
3613.6,3613.6,3612.938601
3615.4,3615.4,3612.96644
3615.6,3615.6,3612.992719
3617.4,3617.4,3613.017444
3615.4,3615.4,3613.040626
3616.8,3616.8,3613.062277
3616,3616,3613.082418
3617.4,3617.4,3613.101068
3615.8,3615.8,3613.118254
3617,3617,3613.134007
3617,3617,3613.14836
3617,3617,3613.161351
3616,3616,3613.173021
3616,3616,3613.183417
3616,3616,3613.192588
3616,3616,3613.200587
3616.6,3616.6,3613.207472
3616,3616,3613.213303
3616.4,3616.4,3613.218144
3616,3616,3613.222063
3616,3616,3613.225132
3615.6,3615.6,3613.227424
3616,3616,3613.229019
3616.8,3616.8,3613.229995
3617,3617,3613.230437
3616,3616,3613.230432
3616,3616,3613.230069
3616,3616,3613.229439
3615.6,3615.6,3613.228636
3616.6,3616.6,3613.227758
3615.8,3615.8,3613.226902
3615.8,3615.8,3613.226169
3616.6,3616.6,3613.225662
3616,3616,3613.225483
3616,3616,3613.225738
3616.6,3616.6,3613.226533
3616.2,3616.2,3613.227976
3613.6,3613.6,3613.230174
3617,3617,3613.233238
3614.6,3614.6,3613.237276
3617,3617,3613.242397
3616.4,3616.4,3613.248712
3616.4,3616.4,3613.256329
3616.6,3616.6,3613.265359
3616,3616,3613.27591
3616.8,3616.8,3613.288089
3616.8,3616.8,3613.302005
3614.2,3614.2,3613.317763
3616,3616,3613.335467
3616.4,3616.4,3613.35522
3613.6,3613.6,3613.377125
3615.2,3615.2,3613.40128
3613.8,3613.8,3613.427783
3615,3615,3613.456729
3615,3615,3613.488211
3612.4,3612.4,3613.522319
3615,3615,3613.55914
3614.8,3614.8,3613.598758
3615,3615,3613.641254
3615,3615,3613.686706
3614.2,3614.2,3613.735188
3614.4,3614.4,3613.786771
3613.8,3613.8,3613.841521
3614.4,3614.4,3613.899502
3614.4,3614.4,3613.960773
3613.8,3613.8,3614.025387
3614,3614,3614.093396
3614,3614,3614.164845
3614.2,3614.2,3614.239776
3614.2,3614.2,3614.318226
3613.6,3613.6,3614.400226
3613.6,3613.6,3614.485804
3614,3614,3614.574982
3614,3614,3614.667778
3614,3614,3614.764203
3614,3614,3614.864266
3614.2,3614.2,3614.967969
3612.4,3612.4,3615.075309
3614.2,3614.2,3615.186277
3614.2,3614.2,3615.30086
3614.4,3614.4,3615.41904
3614.6,3614.6,3615.540794
3614.8,3614.8,3615.666092
3615.6,3615.6,3615.7949
3617.4,3617.4,3615.927179
3617.2,3617.2,3616.062886
3618.2,3618.2,3616.20197
3618.8,3618.8,3616.344377
3619,3619,3616.490048
3620,3620,3616.638918
3618.6,3618.6,3616.790919
3620,3620,3616.945976
3618.4,3618.4,3617.104011
3619.6,3619.6,3617.264942
3619,3619,3617.42868
3620.4,3620.4,3617.595134
3621.2,3621.2,3617.764207
3621.2,3621.2,3617.9358
3622.6,3622.6,3618.109809
3622.8,3622.8,3618.286125
3622.8,3622.8,3618.464637
3622.8,3622.8,3618.64523
3623.6,3623.6,3618.827786
3623.6,3623.6,3619.012182
3625,3625,3619.198294
3621.2,3621.2,3619.385995
3623,3623,3619.575154
3621.8,3621.8,3619.765638
3621.8,3621.8,3619.957313
3622.4,3622.4,3620.150041
3624.2,3624.2,3620.343683
3624.6,3624.6,3620.538099
3621.8,3621.8,3620.733144
3622.4,3622.4,3620.928677
3622.4,3622.4,3621.124551
3624.4,3624.4,3621.320622
3623.2,3623.2,3621.516741
3624.6,3624.6,3621.712762
3623,3623,3621.908538
3624.2,3624.2,3622.103919
3623,3623,3622.29876
3623,3623,3622.492912
3623,3623,3622.686228
3622.2,3622.2,3622.878561
3622.8,3622.8,3623.069767
3622.8,3622.8,3623.259701
3623,3623,3623.448219
3622.8,3622.8,3623.635179
3622.8,3622.8,3623.820442
3622,3622,3624.003869
3622,3622,3624.185323
3622.8,3622.8,3624.364669
3624.2,3624.2,3624.541776
3623.8,3623.8,3624.716515
3625.2,3625.2,3624.888757
3625.2,3625.2,3625.05838
3625.2,3625.2,3625.225261
3625.8,3625.8,3625.389282
3625.8,3625.8,3625.550329
3626,3626,3625.708289
3626,3626,3625.863055
3626,3626,3626.014522
3626,3626,3626.162589
3626,3626,3626.307159
3626,3626,3626.448138
3626.8,3626.8,3626.585438
3625.2,3625.2,3626.718974
3626.6,3626.6,3626.848664
3624,3624,3626.974432
3625.2,3625.2,3627.096205
3624,3624,3627.213916
3626.6,3626.6,3627.3275
3625,3625,3627.436898
3624.2,3624.2,3627.542055
3625,3625,3627.642922
3625,3625,3627.739451
3624,3624,3627.831603
3626,3626,3627.919339
3626,3626,3628.002628
3626.4,3626.4,3628.081441
3626,3626,3628.155756
3626.8,3626.8,3628.225553
3626.8,3626.8,3628.290817
3626,3626,3628.351539
3626,3626,3628.407712
3626,3626,3628.459336
3626,3626,3628.506411
3624.6,3624.6,3628.548945
3626.6,3626.6,3628.586949
3626.6,3626.6,3628.620437
3624,3624,3628.649427
3623.6,3623.6,3628.673941
3626.2,3626.2,3628.694007
3625,3625,3628.709652
3626.4,3626.4,3628.72091
3626.4,3626.4,3628.727817
3625.6,3625.6,3628.730413
3624.8,3624.8,3628.728739
3624.8,3624.8,3628.722843
3624.8,3624.8,3628.712771
3626.4,3626.4,3628.698576
3625,3625,3628.68031
3624.8,3624.8,3628.658031
3624.8,3624.8,3628.631795
3625,3625,3628.601665
3625,3625,3628.567703
3625.8,3625.8,3628.529972
3625,3625,3628.48854
3625.8,3625.8,3628.443474
3625,3625,3628.394843
3626,3626,3628.342718
3625.8,3625.8,3628.28717
3625,3625,3628.228272
3626,3626,3628.166098
3625.2,3625.2,3628.100722
3626.4,3626.4,3628.032217
3626.6,3626.6,3627.960661
3626.4,3626.4,3627.886127
3626.6,3626.6,3627.808692
3626.6,3626.6,3627.72843
3626.6,3626.6,3627.645418
3626.8,3626.8,3627.559731
3626.6,3626.6,3627.471442
3626.8,3626.8,3627.380627
3626.8,3626.8,3627.28736
3626.8,3626.8,3627.191712
3627,3627,3627.093757
3626.8,3626.8,3626.993565
3627.6,3627.6,3626.891206
3627.6,3627.6,3626.786749
3628.6,3628.6,3626.680262
3628.6,3628.6,3626.571811
3626.8,3626.8,3626.461461
3626.6,3626.6,3626.349276
3627,3627,3626.235317
3626.4,3626.4,3626.119645
3626.4,3626.4,3626.002319
3626.6,3626.6,3625.883395
3626.8,3626.8,3625.762928
3626,3626,3625.640973
3625,3625,3625.51758
3625.8,3625.8,3625.392799
3624.8,3624.8,3625.266679
3623.6,3623.6,3625.139264
3623.6,3623.6,3625.0106
3623.6,3623.6,3624.880728
3622.4,3622.4,3624.749688
3622.4,3622.4,3624.61752
3622.4,3622.4,3624.484259
3622.4,3622.4,3624.34994
3622.4,3622.4,3624.214596
3622.2,3622.2,3624.078259
3623.2,3623.2,3623.940957
3622.4,3622.4,3623.802719
3622.2,3622.2,3623.66357
3622.2,3622.2,3623.523534
3622,3622,3623.382636
3621.6,3621.6,3623.240895
3623.4,3623.4,3623.098333
3623.6,3623.6,3622.954969
3623.8,3623.8,3622.810818
3624.4,3624.4,3622.665899
3624.4,3624.4,3622.520227
3624.8,3624.8,3622.373815
3623.2,3623.2,3622.226678
3623,3623,3622.078828
3625,3625,3621.930276
3625,3625,3621.781036
3625,3625,3621.631116
3623.2,3623.2,3621.480529
3623.2,3623.2,3621.329285
3623.2,3623.2,3621.177393
3623,3623,3621.024863
3623,3623,3620.871707
3623.2,3623.2,3620.717934
3622,3622,3620.563554
3623,3623,3620.40858
3623,3623,3620.253022
3623,3623,3620.096893
3623,3623,3619.940205
3622,3622,3619.782972
3621.6,3621.6,3619.625209
3621.6,3621.6,3619.466932
3621.6,3621.6,3619.308157
3621.6,3621.6,3619.148902
3622,3622,3618.989187
3623,3623,3618.829032
3623,3623,3618.668459
3623,3623,3618.507494
3623.2,3623.2,3618.34616
3623.2,3623.2,3618.184486
3623.2,3623.2,3618.0225
3625,3625,3617.860233
3623,3623,3617.697719
3623.4,3623.4,3617.534992
3624,3624,3617.37209
3624,3624,3617.20905
3623.4,3623.4,3617.045916
3623.2,3623.2,3616.882729
3623,3623,3616.719536
3623.6,3623.6,3616.556384
3621.2,3621.2,3616.393324
3621,3621,3616.230407
3620.6,3620.6,3616.067689
3620,3620,3615.905227
3618.6,3618.6,3615.743078
3620.6,3620.6,3615.581305
3618,3618,3615.419971
3618,3618,3615.259142
3620.8,3620.8,3615.098886
3615.6,3615.6,3614.939272
3620,3620,3614.780372
3618.4,3618.4,3614.62226
3618.4,3618.4,3614.465013
3618.4,3618.4,3614.308706
3618.2,3618.2,3614.153421
3618,3618,3613.999238
3618,3618,3613.846239
3614.6,3614.6,3613.694508
3614,3614,3613.544132
3617.6,3617.6,3613.395197
3617.6,3617.6,3613.24779
3617,3617,3613.102001
3617.4,3617.4,3612.95792
3617.8,3617.8,3612.815636
3616,3616,3612.675242
3617.4,3617.4,3612.536829
3616,3616,3612.400488
3615.6,3615.6,3612.266313
3615.6,3615.6,3612.134396
3616,3616,3612.004828
3615.8,3615.8,3611.877702
3615.2,3615.2,3611.753108
3615,3615,3611.631139
3614.4,3614.4,3611.511883
3615.8,3615.8,3611.395429
3615,3615,3611.281867
3615,3615,3611.171282
3615,3615,3611.063759
3614.2,3614.2,3610.959381
3614.2,3614.2,3610.858231
3614.2,3614.2,3610.760388
3614.8,3614.8,3610.665929
3615,3615,3610.574929
3615,3615,3610.487461
3615,3615,3610.403594
3616,3616,3610.323394
3614.6,3614.6,3610.246926
3616,3616,3610.174249
3616,3616,3610.105422
3614,3614,3610.040497
3616,3616,3609.979523
3614.2,3614.2,3609.922547
3614,3614,3609.86961
3615.8,3615.8,3609.820751
3615,3615,3609.776001
3615.4,3615.4,3609.735389
3615.8,3615.8,3609.698941
3615.8,3615.8,3609.666675
3615.4,3615.4,3609.638605
3616,3616,3609.614742
3615,3615,3609.59509
3616,3616,3609.579648
3615.6,3615.6,3609.568411
3616,3616,3609.561368
3616,3616,3609.558502
3616,3616,3609.55979
3616,3616,3609.565207
3614.2,3614.2,3609.574718
3614.2,3614.2,3609.588286
3615.8,3615.8,3609.605866
3615.6,3615.6,3609.627408
3614.4,3614.4,3609.652857
3614,3614,3609.682152
3614.4,3614.4,3609.715226
3612.8,3612.8,3609.752008
3611.2,3611.2,3609.792418
3613.6,3613.6,3609.836375
3611.8,3611.8,3609.883789
3610.2,3610.2,3609.934566
3610,3610,3609.988607
3614.2,3614.2,3610.045807
3608.8,3608.8,3610.106055
3610.2,3610.2,3610.169237
3610.4,3610.4,3610.235233
3609.8,3609.8,3610.303918
3609.8,3609.8,3610.375163
3609.8,3609.8,3610.448833
3612,3612,3610.524791
3608.2,3608.2,3610.602893
3608.4,3608.4,3610.682993
3611.8,3611.8,3610.764941
3611,3611,3610.848581
3610.2,3610.2,3610.933757
3609,3609,3611.020307
3611.6,3611.6,3611.108066
3611.8,3611.8,3611.196868
3611.8,3611.8,3611.286543
3609.8,3609.8,3611.376919
3610,3610,3611.467822
3610,3610,3611.559074
3610,3610,3611.650499
3609.4,3609.4,3611.741918
3609.4,3609.4,3611.833148
3609.2,3609.2,3611.92401
3609,3609,3612.014322
3608.8,3608.8,3612.1039
3608.6,3608.6,3612.192563
3608.6,3608.6,3612.280129
3609,3609,3612.366415
3609.6,3609.6,3612.451242
3607.2,3607.2,3612.53443
3608.2,3608.2,3612.6158
3609.6,3609.6,3612.695176
3607.4,3607.4,3612.772383
3609,3609,3612.847248
3608,3608,3612.919603
3608,3608,3612.98928
3610.4,3610.4,3613.056115
3608,3608,3613.119948
3609.6,3609.6,3613.180622
3607.6,3607.6,3613.237985
3609.2,3609.2,3613.291888
3610,3610,3613.342187
3607.2,3607.2,3613.388743
3610,3610,3613.431423
3606.6,3606.6,3613.470096
3610.2,3610.2,3613.50464
3610.4,3610.4,3613.534938
3608.2,3608.2,3613.560878
3610,3610,3613.582355
3608,3608,3613.599271
3608.2,3608.2,3613.611533
3609.8,3609.8,3613.619056
3610,3610,3613.621762
3609,3609,3613.619581
3608.2,3608.2,3613.612449
3609,3609,3613.600311
3608.2,3608.2,3613.583118
3608,3608,3613.56083
3607.8,3607.8,3613.533416
3606.8,3606.8,3613.50085
3606.8,3606.8,3613.463118
3606.6,3606.6,3613.420212
3608.2,3608.2,3613.372132
3608.6,3608.6,3613.318888
3607.4,3607.4,3613.260498
3606,3606,3613.196988
3605,3605,3613.128393
3606,3606,3613.054757
3603.4,3603.4,3612.976131
3603.2,3603.2,3612.892576
3606.6,3606.6,3612.804161
3602,3602,3612.710964
3606.6,3606.6,3612.613071
3606.6,3606.6,3612.510575
3606.4,3606.4,3612.40358
3604.2,3604.2,3612.292197
3606.4,3606.4,3612.176543
3603.4,3603.4,3612.056746
3604.4,3604.4,3611.932941
3604.4,3604.4,3611.805268
3604.4,3604.4,3611.673878
3605,3605,3611.538927
3604,3604,3611.400579
3603.2,3603.2,3611.259004
3604.8,3604.8,3611.114381
3602.4,3602.4,3610.966892
3604.8,3604.8,3610.816727
3605,3605,3610.664083
3606,3606,3610.509159
3606,3606,3610.352164
3605.2,3605.2,3610.193309
3606.6,3606.6,3610.032811
3606.8,3606.8,3609.87089
3605.2,3605.2,3609.707771
3605.2,3605.2,3609.543684
3605,3605,3609.378861
3606.8,3606.8,3609.213538
3605,3605,3609.047953
3604.8,3604.8,3608.882347
3605,3605,3608.716963
3605,3605,3608.552045
3603,3603,3608.38784
3605.2,3605.2,3608.224595
3605.4,3605.4,3608.062557
3602.8,3602.8,3607.901973
3602.4,3602.4,3607.743093
3604.6,3604.6,3607.586162
3605,3605,3607.431427
3603.2,3603.2,3607.279133
3605,3605,3607.129522
3603.2,3603.2,3606.982836
3605.6,3605.6,3606.839312
3605.8,3605.8,3606.699188
3605.4,3605.4,3606.562694
3606,3606,3606.43006
3604,3604,3606.30151
3606,3606,3606.177264
3606,3606,3606.057538
3606.2,3606.2,3605.942542
3606.8,3606.8,3605.832481
3606.4,3606.4,3605.727554
3606.8,3606.8,3605.627953
3606.8,3606.8,3605.533866
3607,3607,3605.445472
3607,3607,3605.362943
3608.6,3608.6,3605.286444
3608.8,3608.8,3605.216133
3608.6,3608.6,3605.152158
3609,3609,3605.094661
3609,3609,3605.043773
3608.8,3608.8,3604.999619
3607,3607,3604.962314
3608.6,3608.6,3604.931961
3608,3608,3604.908658
3608.6,3608.6,3604.89249
3608.6,3608.6,3604.883534
3605.6,3605.6,3604.881856
3605.6,3605.6,3604.887512
3607.8,3607.8,3604.900549
3607.8,3607.8,3604.921001
3607.8,3607.8,3604.948894
3607,3607,3604.984242
3608.2,3608.2,3605.027048
3608.2,3608.2,3605.077307
3608.2,3608.2,3605.135
3608.2,3608.2,3605.200098
3605.2,3605.2,3605.272563
3605,3605,3605.352343
3608.8,3608.8,3605.43938
3608.6,3608.6,3605.5336
3608.6,3608.6,3605.634922
3608.6,3608.6,3605.743253
3608.8,3608.8,3605.85849
3608.8,3608.8,3605.98052
3605.4,3605.4,3606.109219
3605,3605,3606.244453
3608,3608,3606.386079
3608.4,3608.4,3606.533944
3608.6,3608.6,3606.687884
3605.6,3605.6,3606.847728
3608.8,3608.8,3607.013294
3605.4,3605.4,3607.184394
3608.8,3608.8,3607.360827
3607.4,3607.4,3607.542388
3608.6,3608.6,3607.728861
3605.8,3605.8,3607.920025
3607.8,3607.8,3608.115649
3608.6,3608.6,3608.315496
3608.6,3608.6,3608.519323
3608.6,3608.6,3608.726879
3608.8,3608.8,3608.937909
3606,3606,3609.152151
3608.4,3608.4,3609.369337
3608.6,3608.6,3609.589197
3608.4,3608.4,3609.811453
3605,3605,3610.035825
3607.6,3607.6,3610.26203
3608.6,3608.6,3610.489779
3608,3608,3610.718784
3608.2,3608.2,3610.948751
3605.8,3605.8,3611.179385
3608.8,3608.8,3611.410392
3608.6,3608.6,3611.641475
3609,3609,3611.872334
3610.4,3610.4,3612.102674
3609.2,3609.2,3612.332197
3609.2,3609.2,3612.560605
3609.4,3609.4,3612.787605
3610.2,3610.2,3613.012901
3610.2,3610.2,3613.236203
3610.4,3610.4,3613.457221
3609,3609,3613.675669
3608,3608,3613.891265
3608,3608,3614.10373
3608,3608,3614.312789
3608,3608,3614.518173
3608,3608,3614.719618
3608,3608,3614.916864
3606.2,3606.2,3615.109658
3610.4,3610.4,3615.297754
3610.4,3610.4,3615.480912
3608,3608,3615.658899
3609,3609,3615.831489
3609.6,3609.6,3615.998466
3609.6,3609.6,3616.159621
3609.6,3609.6,3616.314751
3609.6,3609.6,3616.463665
3610.4,3610.4,3616.606181
3607.2,3607.2,3616.742125
3610.6,3610.6,3616.871333
3610.8,3610.8,3616.993651
3610.6,3610.6,3617.108936
3607.6,3607.6,3617.217054
3609.2,3609.2,3617.317883
3607,3607,3617.41131
3608.6,3608.6,3617.497236
3608.6,3608.6,3617.575569
3608.8,3608.8,3617.646232
3607,3607,3617.709158
3608.8,3608.8,3617.76429
3607,3607,3617.811586
3605.2,3605.2,3617.851012
3609.2,3609.2,3617.882548
3608.6,3608.6,3617.906185
3606.8,3606.8,3617.921927
3609.2,3609.2,3617.929786
3609.2,3609.2,3617.929791
3609.2,3609.2,3617.921978
3609.6,3609.6,3617.906398
3609.2,3609.2,3617.883112
3607.2,3607.2,3617.852191
3610,3610,3617.813721
3610,3610,3617.767795
3606.8,3606.8,3617.714521
3607.2,3607.2,3617.654014
3608.8,3608.8,3617.586402
3608.8,3608.8,3617.511824
3606,3606,3617.430427
3607.2,3607.2,3617.342369
3608.6,3608.6,3617.247818
3606,3606,3617.146952
3607.4,3607.4,3617.039956
3607.4,3607.4,3616.927026
3606,3606,3616.808366
3608.2,3608.2,3616.684187
3605,3605,3616.554709
3605,3605,3616.420159
3607.6,3607.6,3616.280772
3605,3605,3616.136788
3607.2,3607.2,3615.988455
3608.2,3608.2,3615.836026
3607,3607,3615.67976
3608.2,3608.2,3615.51992
3610.2,3610.2,3615.356775
3609.8,3609.8,3615.190597
3608,3608,3615.021664
3608,3608,3614.850253
3608.2,3608.2,3614.676649
3608.2,3608.2,3614.501135
3610.2,3610.2,3614.323998
3609.8,3609.8,3614.145528
3609.8,3609.8,3613.966012
3609.8,3609.8,3613.785741
3610,3610,3613.605003
3609.8,3609.8,3613.424089
3610.2,3610.2,3613.243287
3610,3610,3613.062882
3610,3610,3612.883161
3610.6,3610.6,3612.704406
3610.2,3610.2,3612.526896
3610,3610,3612.350908
3610,3610,3612.176714
3610.2,3610.2,3612.004584
3609,3609,3611.834781
3610.2,3610.2,3611.667564
3611,3611,3611.503186
3610.6,3610.6,3611.341895
3611,3611,3611.183933
3610.6,3610.6,3611.029532
3610,3610,3610.878922
3610,3610,3610.732321
3610,3610,3610.589943
3610.6,3610.6,3610.45199
3611,3611,3610.318659
3610.8,3610.8,3610.190137
3610.8,3610.8,3610.0666
3610.8,3610.8,3609.948217
3610.6,3610.6,3609.835147
3610.2,3610.2,3609.727538
3610.2,3610.2,3609.625529
3609.4,3609.4,3609.529247
3609.2,3609.2,3609.438811
3610.2,3610.2,3609.354327
3609.4,3609.4,3609.27589
3609.6,3609.6,3609.203586
3609.8,3609.8,3609.137487
3610.2,3610.2,3609.077657
3609.2,3609.2,3609.024146
3609,3609,3608.976992
3609.2,3609.2,3608.936224
3610.2,3610.2,3608.901858
3609,3609,3608.873899
3610.8,3610.8,3608.852338
3611,3611,3608.837158
3611,3611,3608.828329
3611,3611,3608.825808
3611.2,3611.2,3608.829544
3610,3610,3608.839471
3611.2,3611.2,3608.855514
3610.8,3610.8,3608.877587
3610.8,3610.8,3608.905593
3610,3610,3608.939424
3610.4,3610.4,3608.978962
3611,3611,3609.024078
3611.2,3611.2,3609.074633
3611,3611,3609.130479
3611.2,3611.2,3609.191459
3611.2,3611.2,3609.257405
3611.4,3611.4,3609.328142
3611.6,3611.6,3609.403485
3611.6,3611.6,3609.483241
3611.2,3611.2,3609.567209
3610.8,3610.8,3609.655182
3609.8,3609.8,3609.746944
3609.4,3609.4,3609.842272
3610.2,3610.2,3609.940938
3610.2,3610.2,3610.042707
3611.8,3611.8,3610.147339
3611.6,3611.6,3610.254589
3611.8,3611.8,3610.364206
3611.6,3611.6,3610.475935
3609,3609,3610.58952
3610,3610,3610.704696
3609,3609,3610.821201
3609,3609,3610.938767
3609.6,3609.6,3611.057125
3608.2,3608.2,3611.176004
3611.8,3611.8,3611.295132
3607.8,3607.8,3611.414238
3610,3610,3611.533049
3608.4,3608.4,3611.651294
3611.4,3611.4,3611.7687
3611.4,3611.4,3611.884999
3609,3609,3611.999923
3608.8,3608.8,3612.113206
3611.6,3611.6,3612.224585
3608.8,3608.8,3612.333802
3608.8,3608.8,3612.4406
3608.8,3608.8,3612.544728
3608.8,3608.8,3612.645938
3608.6,3608.6,3612.743989
3608.4,3608.4,3612.838644
3606.8,3606.8,3612.929672
3610.6,3610.6,3613.01685
3611.8,3611.8,3613.099959
3607.6,3607.6,3613.178788
3611.8,3611.8,3613.253135
3608,3608,3613.322804
3607.6,3607.6,3613.387608
3610,3610,3613.447368
3610,3610,3613.501914
3609.4,3609.4,3613.551086
3609.4,3609.4,3613.594731
3606.6,3606.6,3613.632707
3610.4,3610.4,3613.664884
3606.8,3606.8,3613.691138
3606.6,3606.6,3613.711359
3609.6,3609.6,3613.725445
3606.2,3606.2,3613.733307
3610.6,3610.6,3613.734865
3610.6,3610.6,3613.73005
3610.8,3610.8,3613.718806
3611.4,3611.4,3613.701086
3607.8,3607.8,3613.676857
3607,3607,3613.646095
3607.2,3607.2,3613.608787
3609.8,3609.8,3613.564935
3609.8,3609.8,3613.514548
3609.8,3609.8,3613.457651
3609,3609,3613.394276
3608,3608,3613.32447
3608,3608,3613.248288
3606.8,3606.8,3613.165799
3606.6,3606.6,3613.077081
3610,3610,3612.982225
3606.6,3606.6,3612.88133
3606.6,3606.6,3612.774509
3606.4,3606.4,3612.661881
3610.2,3610.2,3612.543579
3606.2,3606.2,3612.419744
3606.4,3606.4,3612.290528
3610.4,3610.4,3612.15609
3610.2,3610.2,3612.0166
3606.6,3606.6,3611.872238
3606.6,3606.6,3611.723188
3606.6,3606.6,3611.569648
3606.6,3606.6,3611.411819
3610,3610,3611.249911
3606.6,3606.6,3611.084142
3606.6,3606.6,3610.914735
3606.2,3606.2,3610.741921
3606.4,3606.4,3610.565935
3609.2,3609.2,3610.387019
3606.2,3606.2,3610.205419
3609.4,3609.4,3610.021386
3609.6,3609.6,3609.835174
3606.6,3606.6,3609.647042
3609,3609,3609.457251
3607,3607,3609.266066
3606.2,3606.2,3609.073753
3605.4,3605.4,3608.880579
3609.4,3609.4,3608.686813
3609,3609,3608.492727
3605,3605,3608.298588
3607,3607,3608.104668
3607,3607,3607.911234
3607,3607,3607.718555
3602.6,3602.6,3607.526896
3603,3603,3607.33652
3602.4,3602.4,3607.147687
3607.4,3607.4,3606.960656
3603.4,3603.4,3606.77568
3607.8,3607.8,3606.593007
3607.6,3607.6,3606.412883
3603.6,3603.6,3606.235546
3603,3603,3606.061231
3607.4,3607.4,3605.890166
3607.8,3607.8,3605.72257
3607.8,3607.8,3605.55866
3604,3604,3605.398641
3602.6,3602.6,3605.242712
3604,3604,3605.091065
3603.8,3603.8,3604.943883
3603.8,3603.8,3604.801339
3603.8,3603.8,3604.663597
3601.6,3601.6,3604.530813
3603.8,3603.8,3604.403131
3601,3601,3604.280687
3601,3601,3604.163606
3603.8,3603.8,3604.052
3600.6,3600.6,3603.945974
3601,3601,3603.84562
3603,3603,3603.751017
3601,3601,3603.662235
3602.6,3602.6,3603.579332
3605,3605,3603.502353
3602,3602,3603.431333
3601,3601,3603.366292
3604,3604,3603.30724
3600.2,3600.2,3603.254176
3601.6,3601.6,3603.207083
3604.4,3604.4,3603.165937
3602,3602,3603.130697
3602,3602,3603.101312
3604.8,3604.8,3603.077719
3601.2,3601.2,3603.059844
3604,3604,3603.047598
3604,3604,3603.040883
3604,3604,3603.039589
3604,3604,3603.043593
3602.2,3602.2,3603.052763
3604.2,3604.2,3603.066953
3604.4,3604.4,3603.086008
3602,3602,3603.109764
3602,3602,3603.138042
3604.2,3604.2,3603.170659
3604.4,3604.4,3603.207417
3601.2,3601.2,3603.248111
3604,3604,3603.292527
3601.4,3601.4,3603.340441
3604,3604,3603.391623
3604,3604,3603.445833
3603.6,3603.6,3603.502825
3604,3604,3603.562343
3603.8,3603.8,3603.624129
3604,3604,3603.687915
3603.6,3603.6,3603.753428
3604,3604,3603.820392
3601.6,3601.6,3603.888523
3604,3604,3603.957535
3604,3604,3604.027139
3604,3604,3604.097039
3604.4,3604.4,3604.166941
3604.6,3604.6,3604.236546
3603.8,3603.8,3604.305554
3604.6,3604.6,3604.373664
3603.8,3603.8,3604.440575
3604.6,3604.6,3604.505986
3604.2,3604.2,3604.569595
3604.6,3604.6,3604.631105
3602.2,3602.2,3604.690217
3602,3602,3604.746636
3604,3604,3604.80007
3604.6,3604.6,3604.850229
3605,3605,3604.89683
3605,3605,3604.939592
3604.8,3604.8,3604.97824
3604.8,3604.8,3605.012504
3604.8,3604.8,3605.042122
3604,3604,3605.066837
3604,3604,3605.086401
3604.6,3604.6,3605.10057
3604.6,3604.6,3605.109114
3604.8,3604.8,3605.111807
3604,3604,3605.108434
3604.8,3604.8,3605.09879
3604,3604,3605.08268
3604.6,3604.6,3605.05992
3603.6,3603.6,3605.030336
3604.8,3604.8,3604.993765
3602.2,3602.2,3604.950058
3604.8,3604.8,3604.899077
3603,3603,3604.840695
3604.8,3604.8,3604.7748
3605,3605,3604.701293
3604.8,3604.8,3604.620087
3603,3603,3604.531111
3602,3602,3604.434304
3604.6,3604.6,3604.329625
3602,3602,3604.217041
3604,3604,3604.09654
3604.2,3604.2,3603.968118
3602,3602,3603.831793
3604,3604,3603.687592
3604,3604,3603.535559
3602,3602,3603.375756
3604.2,3604.2,3603.208256
3604,3604,3603.033149
3602,3602,3602.85054
3604.2,3604.2,3602.660551
3604,3604,3602.463315
3604,3604,3602.258983
3602.6,3602.6,3602.047721
3602.6,3602.6,3601.829708
3604,3604,3601.605139
3604,3604,3601.374222
3603.8,3603.8,3601.137181
3603.8,3603.8,3600.894253
3603,3603,3600.645688
3603,3603,3600.39175
3603,3603,3600.132716
3602.8,3602.8,3599.868877
3603.6,3603.6,3599.600535
3602.8,3602.8,3599.328004
3602.4,3602.4,3599.051609
3602,3602,3598.77169
3602.4,3602.4,3598.488593
3602.4,3602.4,3598.202676
3602.4,3602.4,3597.914309
3601.6,3601.6,3597.62387
3601.6,3601.6,3597.331744
3601.6,3601.6,3597.038326
3600.6,3600.6,3596.74402
3601,3601,3596.449236
3601.6,3601.6,3596.15439
3602.4,3602.4,3595.859906
3600.6,3600.6,3595.566211
3600.4,3600.4,3595.27374
3600.2,3600.2,3594.982931
3600.2,3600.2,3594.694223
3600.2,3600.2,3594.408063
3600.2,3600.2,3594.124896
3600.2,3600.2,3593.845173
3602.2,3602.2,3593.569341
3602,3602,3593.297853
3602,3602,3593.031157
3602.2,3602.2,3592.769703
3603.4,3603.4,3592.513939
3602.2,3602.2,3592.264311
3603.4,3603.4,3592.02126
3603.4,3603.4,3591.785226
3602,3602,3591.556643
3602,3602,3591.335943
3602,3602,3591.12355
3602,3602,3590.919881
3602.2,3602.2,3590.72535
3601,3601,3590.540359
3601,3601,3590.365306
3602,3602,3590.200578
3602,3602,3590.046554
3602,3602,3589.903601
3603.4,3603.4,3589.772079
3603.4,3603.4,3589.652334
3603.4,3603.4,3589.544702
3602.2,3602.2,3589.449507
3602,3602,3589.36706
3601.4,3601.4,3589.297659
3601.4,3601.4,3589.241589
3602.2,3602.2,3589.199119
3601.4,3601.4,3589.170507
3601.2,3601.2,3589.155992
3601,3601,3589.155802
3600.8,3600.8,3589.170147
3603.6,3603.6,3589.19922
3601.2,3601.2,3589.2432
3601.2,3601.2,3589.302248
3601,3601,3589.376508
3601,3601,3589.466108
3600.6,3600.6,3589.571158
3603.4,3603.4,3589.69175
3601.4,3601.4,3589.827957
3601.4,3601.4,3589.979837
3602.6,3602.6,3590.147428
3601.2,3601.2,3590.330749
3601.2,3601.2,3590.529804
3601.6,3601.6,3590.744573
3601.6,3601.6,3590.975024
3602.2,3602.2,3591.221103
3602.4,3602.4,3591.482738
3601.6,3601.6,3591.759839
3600.4,3600.4,3592.052298
3601,3601,3592.359988
3601,3601,3592.682766
3601.6,3601.6,3593.02047
3601.6,3601.6,3593.37292
3601.6,3601.6,3593.739919
