价格,开仓,平仓
3500.0,
3500.0,
3498.8,
3500.0,
3504.0,
3501.2,
3504.0,
3504.0,
3503.6,
3503.4,
3503.8,
3500.2,
3502.8,3503.8,
3503.2,
3504.4,
3503.4,
3504.2,
3502.0,
3501.4,
3500.2,
3502.0,
3500.4,
3495.2,
3499.8,
3495.4,
3496.0,
3495.6,
3495.4,
3495.6,
3497.6,
3495.6,
3497.2,
3495.6,
3495.6,
3497.4,
3497.2,
3497.2,
3494.0,
3494.8,
3494.8,
3497.6,
3497.8,
3494.6,
3494.8,
3495.2,
3494.8,
3495.2,
3494.6,
3497.8,
3497.8,
3497.8,
3495.6,
3494.6,
3496.0,
3497.6,
3496.0,
3496.0,
3495.0,
3495.2,
3495.0,
3494.6,
3494.6,
3494.6,
3494.6,
3495.0,
3494.8,
3496.4,
3494.6,
3494.6,
3494.6,
3494.8,
3494.8,
3494.8,
3495.0,
3494.8,
3494.8,
3494.8,
3493.8,
3493.6,
3493.4,
3493.6,
3493.2,
3494.0,
3495.0,
3494.0,
3494.8,
3494.6,
3493.0,
3492.2,
3492.6,
3491.2,
3491.2,
3490.2,
3490.0,
3488.8,
3489.4,
3491.6,
3489.4,
3489.8,
3489.8,
3489.8,
3489.8,
3489.8,
3490.0,
3491.6,
3491.6,
3490.4,
3490.6,
3490.6,
3490.0,
3490.0,
3490.0,
3490.0,
3490.0,
3490.2,
3489.8,3589.8
3490.0,
3490.2,
3490.0,
3490.2,
3489.8,
3490.0,
3490.2,
3490.2,
3490.2,
3490.0,
3490.4,
3490.4,
3491.4,
3490.8,
3492.0,
3492.0,
3492.2,
3492.6,
3492.6,
3492.2,
3492.6,
3492.4,
3492.4,
3493.0,
3492.4,
3492.2,
3490.2,
3491.8,
3491.8,
3491.6,
3491.6,
3491.6,
3491.6,
3490.6,
3491.4,
3491.0,
3491.4,
3491.0,
3490.4,
3490.8,
3490.6,
3491.6,
3490.0,
3491.8,
3490.2,
3490.0,
3490.8,
3490.8,
3490.0,
3490.0,
3490.0,
3490.0,
3490.0,
3490.0,
3490.0,
3489.4,
3489.0,
3488.0,
3488.0,
3488.4,
3486.8,
3486.8,
3488.6,
3487.0,
3487.0,3507.0
3489.0,
3487.2,
3487.2,
3488.0,
3488.0,
3488.6,
3489.0,
3488.0,
3489.0,
3489.0,
3489.0,
3489.0,
3489.4,
3489.2,
3489.2,
3491.0,
3491.4,
3491.0,
3491.0,
3489.6,
3489.4,
3490.2,
3490.2,
3490.2,
3489.4,
3489.4,
3489.8,
3488.4,
3488.2,
3488.2,
3487.0,
3486.2,
3486.2,
3487.0,
3486.0,
3485.8,
3486.0,
3488.2,
3488.4,
3488.4,
3488.2,
3488.2,
3488.2,
3488.4,
3488.2,
3488.2,
3489.0,
3488.2,
3488.2,
3488.6,
3488.0,
3487.4,
3488.0,
3486.8,
3486.8,
3485.8,
3486.8,
3486.4,
3486.4,
3486.4,
3486.0,
3486.4,
3486.0,
3486.0,
3486.0,
3485.8,
3485.8,
3485.8,
3485.8,
3485.8,
3485.8,
3485.6,
3485.8,
3485.8,
3485.4,
3485.2,
3485.4,
3485.4,
3485.8,
3485.4,
3485.6,
3485.2,
3485.6,
3485.6,
3485.2,
3485.0,
3485.0,
3485.0,
3485.0,
3485.0,
3485.2,
3484.8,
3484.8,
3484.6,
3484.6,
3485.6,
3485.6,
3485.6,
3485.6,
3485.8,
3485.8,
3485.8,
3485.6,
3485.8,
3485.8,
3485.4,
3485.4,
3485.4,
3485.0,
3485.4,
3485.0,
3485.0,
3485.4,
3485.4,
3485.0,
3485.2,
3485.2,
3485.8,
3487.2,
3487.4,
3487.4,
3487.4,
3488.0,
3488.0,
3487.6,
3488.2,
3488.4,
3488.0,
3488.4,
3488.6,
3489.2,
3488.4,
3489.4,
3490.0,
3489.8,
3489.6,
3490.0,
3490.0,
3490.4,
3490.4,
3491.0,
3490.4,
3491.0,3591.0
3490.8,
3490.4,
3490.6,
3490.8,
3491.2,
3490.0,
3490.0,
3490.6,
3490.6,
3491.0,
3491.0,
3491.2,
3491.4,
3491.0,
3491.6,
3491.6,
3491.8,
3491.6,
3491.0,
3491.2,
3491.6,
3491.6,
3491.6,
3491.0,
3491.0,
3491.0,
3491.4,
3491.4,
3491.4,
3491.0,
3491.0,
3491.0,
3491.0,
3491.6,
3492.0,
3491.0,
3492.0,
3492.0,
3492.0,
3492.2,
3492.8,
3493.0,
3493.8,
3493.8,
3493.8,
3494.0,
3493.8,
3493.8,
3493.0,
3494.0,
3494.0,
3494.2,
3494.6,
3494.2,
3494.2,
3494.2,
3494.8,
3494.0,
3494.8,
3494.8,
3494.0,
3494.2,
3494.0,
3494.0,
3494.0,
3494.0,
3494.0,
3493.0,
3492.6,
3492.2,
3493.0,
3493.4,
3493.0,
3493.6,
3493.2,
3493.0,
3493.4,
3493.4,
3493.8,
3493.8,
3493.8,
3494.0,
3494.0,
3494.2,
3494.4,
3494.2,
3494.6,
3494.8,
3495.0,
3495.0,
3495.2,
3495.2,
3495.4,
3495.4,
3495.4,
3495.4,
3495.4,
3495.4,
3495.4,
3495.4,
3495.4,
3495.4,
3495.4,
3495.8,
3496.0,
3496.4,
3495.8,
3497.4,
3497.4,
3497.6,
3497.6,
3498.0,
3498.0,
3498.0,
3498.0,
3498.0,
3498.0,
3497.6,
3497.6,
3498.0,
3498.0,
3498.2,
3498.4,
3498.4,
3498.4,
3498.6,
3498.8,
3498.0,
3498.6,
3498.0,
3498.4,
3498.2,
3499.0,
3499.0,
3498.0,
3499.0,
3499.0,
3498.4,
3498.4,
3498.0,
3498.0,
3497.8,
3497.8,
3498.0,
3498.0,
3498.0,
3498.0,
3498.0,
3498.0,
3498.0,
3498.0,
3497.0,
3496.8,
3496.6,
3496.6,
3495.0,
3496.4,
3495.4,
3496.0,
3496.4,
3496.4,
3496.4,
3496.0,
3496.4,
3496.2,
3496.0,
3496.0,
3496.0,
3496.0,
3496.0,
3494.4,
3495.6,
3495.8,
3494.0,
3495.6,
3494.2,
3493.8,
3493.4,
3493.0,
3494.0,
3492.0,
3491.0,3511.0
3491.6,
3492.8,
3492.2,
3492.2,
3492.2,
3492.2,
3491.6,
3491.4,
3491.2,
3491.4,
3492.0,
3490.8,
3490.8,
3490.6,
3491.0,
3491.6,
3490.6,
3490.6,
3490.6,
3490.6,
3491.0,
3490.8,
3491.0,
3491.6,
3491.2,
3491.2,
3490.6,
3491.0,
3491.8,
3491.0,
3491.6,
3491.8,
3492.0,
3492.0,
3491.4,
3491.2,
3491.4,
3491.2,
3491.0,
3491.0,
3490.6,
3491.2,
3491.2,
3491.2,
3491.4,
3491.4,
3491.4,
3491.2,
3491.6,
3491.2,
3491.8,
3491.4,
3491.4,
3491.4,
3491.4,
3492.0,
3492.0,
3491.4,
3492.0,
3491.2,
3491.2,
3490.2,
3490.2,
3491.2,
3492.0,
3491.4,
3491.4,
3491.4,
3491.2,
3490.2,
3491.2,
3489.6,
3490.2,
3490.6,
3490.6,
3490.6,
3488.6,
3488.2,
3488.2,
3488.2,
3488.2,
3488.0,
3487.8,
3487.6,
3487.8,
3487.0,
3485.6,
3485.6,
3485.0,
3485.6,
3485.2,
3485.2,
3485.2,
3485.2,
3484.6,
3484.6,
3485.6,
3483.4,
3483.4,
3482.0,
3483.0,
3482.8,
3482.8,
3481.2,
3481.2,
3481.2,
3481.4,
3480.8,
3481.2,
3480.8,
3480.8,
3480.6,
3480.8,
3480.8,
3480.2,
3480.8,
3481.2,
3480.4,
3480.6,
3480.6,
3480.4,
3480.4,
3480.2,
3480.0,
3479.0,
3478.8,
3480.8,
3480.8,
3480.8,
3479.0,
3481.2,
3481.2,
3480.4,
3479.4,
3481.0,
3481.2,
3481.4,
3481.4,
3481.2,
3481.2,
3481.2,
3480.6,
3481.2,
3480.6,
3481.2,
3481.4,
3482.8,
3482.8,
3482.8,
3483.0,
3483.0,
3482.2,
3483.0,
3482.8,
3482.6,
3483.0,
3483.0,
3483.0,
3482.0,
3483.0,
3482.8,
3482.8,
3482.8,
3483.0,
3483.0,
3483.0,
3482.8,
3483.0,
3482.2,
3482.2,
3483.0,
3483.0,
3483.0,
3482.6,
3482.8,
3482.4,
3482.0,
3483.0,
3483.0,
3483.0,
3483.0,
3483.0,3583.0
3483.0,
3483.0,
3483.0,
3483.0,
3483.4,
3484.2,
3484.8,
3485.0,
3484.2,
3484.6,
3484.4,
3484.0,
3484.6,
3484.0,
3484.2,
3484.4,
3484.4,
3484.6,
3484.8,
3485.6,
3485.4,
3486.6,
3485.2,
3486.8,
3487.0,
3486.0,
3486.0,
3486.0,
3486.0,
3486.8,
3486.4,
3487.0,
3487.4,
3487.0,
3487.0,
3487.4,
3487.0,
3486.6,
3485.2,
3485.4,
3485.4,
3485.2,
3485.2,
3485.4,
3485.4,
3485.4,
3486.2,
3486.4,
3486.0,
3485.8,
3484.8,
3484.8,
3484.8,
3484.4,
3484.0,
3484.4,
3484.0,
3483.8,
3484.0,
3484.0,
3484.0,
3484.4,
3484.4,
3485.2,
3485.4,
3485.4,
3485.0,
3485.2,
3485.2,
3485.2,
3485.2,
3486.0,
3485.2,
3485.2,
3485.2,
3485.8,
3485.8,
3485.8,
3485.8,
3485.8,
3485.8,
3485.2,
3486.6,
3486.4,
3485.8,
3485.4,
3485.4,
3485.4,
3485.8,
3485.8,
3486.2,3506.2
3486.4,
3486.8,
3486.8,
3486.6,
3486.8,
3486.8,
3486.4,
3487.0,
3486.2,
3486.4,
3486.4,
3486.4,
3487.0,3587.0
3486.4,
3486.4,
3486.6,
3486.6,
3486.6,
3486.8,
3487.0,
3486.6,
3487.0,
3487.0,
3486.2,
3487.0,
3487.0,
3487.0,
3486.2,
3486.2,
3486.2,
3486.8,
3486.0,
3486.0,
3486.0,
3486.6,
3486.0,
3486.2,
3486.6,
3486.8,
3486.6,
3487.0,
3487.0,
3487.0,
3487.6,
3487.0,
3487.6,
3487.6,
3487.6,
3487.8,
3487.6,
3487.6,
3487.8,
3487.8,
3487.0,
3487.2,
3487.4,
3487.6,
3488.8,
3488.8,
3488.8,
3488.6,
3488.6,
3488.6,
3488.6,
3487.4,
3487.2,
3487.2,
3488.0,
3488.8,
3488.0,
3488.0,
3488.4,
3488.0,
3488.0,
3488.0,
3488.4,
3487.0,
3487.0,
3487.0,
3487.8,
3487.8,
3487.8,
3487.8,
3487.8,
3486.0,
3486.8,
3485.8,
3486.6,
3485.4,
3486.0,
3485.2,
3485.2,
3485.0,
3484.8,
3485.0,
3484.8,
3484.8,
3484.8,
3483.8,
3484.4,
3483.8,
3483.8,
3483.8,
3483.8,3503.8
3483.6,
3483.0,
3483.0,
3482.8,
3482.4,
3482.6,
3482.2,
3482.0,
3482.0,
3483.0,
3481.4,
3481.4,
3482.0,
3482.8,
3481.2,
3480.8,
3480.2,
3481.2,
3481.0,
3481.0,
3481.2,
3480.6,
3480.2,
3481.2,
3482.0,
3482.0,
3482.0,
3482.0,
3483.2,
3482.0,
3481.6,
3481.6,
3481.6,
3483.4,
3483.4,
3482.8,
3482.8,
3483.0,
3481.6,
3481.2,
3483.0,
3480.4,
3480.4,
3482.6,
3480.2,
3480.2,
3480.0,
3480.0,
3479.2,
3480.0,
3478.8,
3478.8,
3478.8,
3478.8,
3478.6,
3478.8,
3477.4,
3478.0,
3477.4,
3476.2,
3476.8,
3475.4,
3476.2,
3475.6,
3476.2,
3477.6,
3475.0,
3476.2,
3475.0,
3475.4,
3475.4,
3476.0,
3476.0,
3475.4,
3475.2,
3475.2,
3473.4,
3473.2,
3473.2,
3475.0,
3473.2,
3473.0,
3472.4,
3472.4,
3472.4,
3472.4,
3473.0,
3471.8,
3471.8,
3471.6,
3473.2,
3471.8,
3474.4,
3472.4,
3474.2,
3472.4,
3473.0,
3472.8,
3473.0,
3472.6,
3472.6,
3474.2,
3472.2,
3472.2,
3473.0,
3472.0,
3472.0,
3471.8,
3471.8,
3471.6,
3471.6,
3471.2,
3471.2,
3471.0,
3471.2,
3471.0,
3471.0,
3471.2,
3471.0,
3471.0,
3471.0,
3471.4,
3471.0,
3471.6,
3471.6,
3471.0,
3471.6,
3471.6,
3472.2,
3472.2,
3472.2,
3472.2,
3472.2,
3472.2,
3473.0,
3474.4,
3474.6,
3474.6,
3475.0,
3475.0,
3475.0,
3474.6,
3475.0,
3473.4,
3475.0,
3475.0,
3474.4,
3474.8,
3474.8,
3474.4,
3475.0,
3475.0,
3475.0,
3475.0,
3475.0,
3475.0,3575.0
3475.0,
3474.4,
3474.6,
3474.6,
3474.6,
3474.6,
3474.2,
3474.0,
3474.0,
3474.0,
3474.0,
3474.0,
3473.6,
3473.6,
3473.0,
3473.0,
3471.8,
3471.6,
3473.6,
3472.0,
3472.8,
3472.0,
3472.2,
3472.0,
3472.6,
3473.2,
3472.4,
3473.0,
3472.8,
3472.8,
3472.8,
3472.8,
3474.2,
3473.8,
3473.0,
3473.6,
3472.6,
3473.0,
3473.0,
3473.0,
3474.2,
3474.2,
3474.4,
3474.4,
3474.4,
3474.2,
3474.6,
3475.2,
3475.0,
3475.0,
3475.2,
3475.6,
3476.4,
3475.2,
3475.0,
3475.0,
3474.6,
3474.6,
3475.2,
3475.0,
3474.6,
3474.0,
3474.0,
3474.0,
3475.0,
3473.6,
3473.8,
3474.0,
3473.6,
3473.2,
3473.0,
3472.8,
3472.6,
3473.0,
3472.6,
3472.6,
3473.4,
3473.6,
3473.8,
3474.0,
3473.2,
3473.2,
3474.0,
3473.6,
3472.6,
3472.6,
3472.6,
3473.0,
3474.2,
3474.4,
3474.2,
3474.8,
3475.2,
3474.8,
3475.2,
3474.4,
3474.4,
3474.2,
3474.2,
3474.2,
3473.6,
3474.2,
3474.4,
3474.4,3494.4
3474.4,
3474.6,
3474.6,
3475.6,
3475.4,
3474.6,
3475.4,
3475.2,
3475.4,
3475.2,
3475.0,
3475.6,
3475.8,3575.8
3476.6,
3477.6,
3477.6,
3477.8,
3477.8,
3474.6,
3475.2,
3474.6,
3476.0,
3476.2,
3474.4,
3475.8,
3476.2,
3476.4,
3476.6,
3475.6,
3475.8,
3477.0,
3477.0,
3476.4,
3475.8,
3477.8,
3477.6,
3477.6,
3477.6,
3477.8,
3478.0,
3478.4,
3478.2,
3478.2,
3478.4,
3478.6,
3478.2,
3478.8,
3478.4,
3479.4,
3479.4,
3479.4,
3479.0,
3479.4,
3478.8,
3479.0,
3479.0,
3479.0,
3479.6,
3479.0,
3479.6,
3480.0,
3480.0,
3480.8,
3482.0,
3482.0,
3482.4,
3482.4,
3481.0,
3482.0,
3481.0,
3481.0,
3481.0,
3481.6,
3482.4,
3481.8,
3482.6,
3481.2,
3481.2,
3482.4,
3481.8,
3481.2,
3481.2,
3481.4,
3481.0,
3481.2,
3481.2,
3481.2,
3481.0,
3481.0,
3480.2,
3481.0,
3480.0,
3481.0,
3480.0,
3480.2,
3480.4,
3479.8,
3480.0,
3480.0,
3479.6,
3479.6,
3479.8,
3479.6,
3479.8,
3478.8,
3478.6,
3478.8,
3479.6,
3479.6,
3478.6,
3478.4,
3478.0,
3479.2,
3479.0,
3479.4,
3479.0,
3480.0,
3480.0,
3479.8,
3479.8,
3479.8,
3479.8,
3479.8,
3478.6,
3479.4,
3479.6,
3479.2,
3479.0,
3479.6,
3478.4,3498.4
3478.0,
3478.0,
3479.0,
3478.8,
3479.2,
3479.6,
3479.6,
3479.6,
3479.4,
3479.8,
3479.6,
3479.8,
3479.6,
3479.8,
3480.0,
3481.0,
3480.0,
3481.0,
3479.8,
3480.8,
3481.0,
3481.0,
3481.0,
3481.0,
3481.0,
3482.0,
3481.8,
3482.2,
3482.2,
3482.2,
3482.4,
3483.0,
3482.4,
3483.0,
3483.0,
3482.4,
3482.4,
3483.6,
3483.6,3583.6
3483.8,
3483.8,
3482.6,
3482.6,
3482.6,
3482.6,
3482.6,
3483.2,
3482.6,
3482.6,
3482.6,
3483.0,
3482.6,
3482.4,
3482.6,
3482.4,
3482.4,
3481.6,
3482.4,
3481.6,
3482.4,
3482.0,
3482.0,
3482.0,
3482.0,
3482.4,
3482.0,
3482.0,
3482.0,
3481.8,
3482.0,
3482.0,
3481.8,
3481.8,
3482.2,
3480.2,
3480.2,
3480.6,
3480.6,
3480.4,
3480.4,
3480.2,
3480.4,
3482.0,
3480.8,
3482.4,
3482.6,
3483.2,
3482.2,
3482.2,
3481.8,
3483.8,
3482.4,
3483.8,
3483.8,
3484.0,
3484.8,
3484.8,
3485.0,
3485.0,
3485.0,
3484.8,
3485.0,
3485.0,
3486.6,
3485.2,
3486.6,
3485.0,
3487.4,
3487.8,
3488.0,
3487.8,
3490.2,
3490.2,
3490.0,
3490.0,
3490.0,
3490.0,
3488.0,
3488.0,
3488.6,
3488.2,
3488.2,
3488.8,
3487.8,
3488.8,
3489.4,
3489.4,
3490.6,
3490.8,
3489.4,
3489.4,
3490.2,
3488.8,
3488.8,
3490.0,
3490.2,
3490.4,
3488.4,
3489.6,
3489.8,
3489.8,
3490.0,
3489.6,
3488.6,
3490.8,
3490.8,
3490.8,
3491.0,
3491.0,
3491.0,
3491.0,
3490.8,
3491.4,
3491.4,
3491.4,
3491.0,
3491.6,
3491.6,
3491.2,
3491.6,
3491.8,
3491.0,
3491.8,
3492.0,
3492.2,
3492.2,
3492.2,
3492.2,
3492.4,
3492.2,
3492.8,
3492.6,
3492.6,
3492.6,
3493.0,
3492.6,
3493.0,
3492.4,
3492.4,
3492.0,
3492.6,
3491.8,
3492.4,
3492.4,
3491.4,
3491.2,
3489.0,
3490.8,
3490.2,
3490.2,
3490.6,
3490.8,
3490.6,
3491.0,
3491.4,
3490.8,
3491.4,
3491.4,
3491.8,
3491.8,
3491.6,
3491.8,
3492.2,
3490.2,
3492.2,
3492.4,
3492.6,
3492.6,
3492.8,
3493.0,
3492.6,
3492.6,
3492.6,
3492.6,
3492.6,
3492.4,
3492.2,
3490.4,
3492.0,
3491.8,
3491.8,
3491.8,
3490.8,
3491.8,
3491.8,
3492.0,
3492.2,
3492.0,
3491.8,
3492.6,
3492.6,
3492.0,
3491.8,
3492.4,
3492.6,
3492.6,
3492.4,
3492.6,
3492.6,
3493.2,
3493.0,
3493.4,
3493.2,
3493.4,
3493.0,
3493.4,
3493.6,
3493.4,
3493.6,
3493.6,
3493.8,
3493.8,
3493.8,
3493.6,
3493.8,
3493.8,
3493.8,
3493.8,
3493.6,
3494.0,
3493.6,
3493.6,
3493.0,
3493.4,
3493.0,
3493.0,
3492.8,
3492.6,
3492.0,
3492.6,
3492.0,
3492.8,
3492.0,
3491.0,
3491.8,
3492.0,
3492.0,
3492.4,
3491.0,
3491.4,
3491.2,
3490.6,
3492.2,
3492.0,
3491.0,
3491.0,
3491.2,
3492.0,
3490.4,
3490.4,
3492.0,
3492.0,
3490.4,
3490.2,
3490.4,
3490.2,
3491.6,
3490.6,
3490.4,3510.4
3491.8,
3490.6,
3490.6,
3490.6,
3490.2,
3490.2,
3490.6,
3490.6,
3490.6,
3489.6,
3491.6,
3489.4,
3490.0,
3489.6,
3492.0,
3490.8,
3492.2,
3491.0,
3492.6,
3492.0,
3490.8,
3492.0,
3491.0,
3491.8,
3492.0,
3492.0,
3491.0,
3490.6,
3489.8,
3489.6,
3489.4,
3489.0,
3490.6,
3488.6,
3488.6,
3488.4,
3490.2,
3488.2,
3490.2,
3488.2,
3490.2,
3490.2,
3490.4,
3489.0,
3488.6,
3490.2,
3490.2,
3490.2,
3488.8,
3490.4,
3489.0,
3489.0,
3490.8,
3490.8,
3490.0,
3490.0,
3489.6,
3490.8,
3489.4,
3491.2,
3489.2,
3490.0,
3488.8,
3490.2,
3490.8,
3490.4,
3490.4,
3490.2,
3490.2,
3490.0,
3489.0,
3490.2,
3489.2,
3490.4,
3490.8,
3490.0,
3489.8,
3490.2,
3490.8,
3490.8,
3490.6,
3491.2,
3491.4,
3490.6,
3491.0,
3490.4,
3490.2,
3491.0,
3490.2,
3491.2,
3491.4,
3490.0,
3490.6,
3490.6,
3490.6,
3490.8,
3489.6,
3490.0,
3490.0,
3489.2,
3489.0,
3489.0,
3488.6,
3489.0,3589.0
3488.6,
3488.2,
3488.2,
3488.2,
3488.2,
3488.0,
3488.0,
3488.0,
3488.0,
3489.0,
3488.0,
3488.0,
3488.2,3508.2
3488.8,
3489.0,
3489.0,
3488.6,
3488.4,
3488.2,
3488.2,
3488.0,
3488.4,
3488.2,
3488.8,
3488.0,
3488.8,
3488.8,
3488.2,
3489.0,
3488.2,
3489.0,
3488.2,
3488.2,
3489.8,
3489.8,
3489.8,
3490.6,
3490.8,
3491.0,
3490.6,
3490.6,
3490.8,
3490.6,
3491.0,
3490.6,
3490.6,
3490.6,
3490.6,
3490.0,
3490.0,
3490.0,
3489.0,
3488.6,
3488.2,
3488.0,
3488.2,
3488.2,
3488.0,
3487.8,
3488.2,
3487.8,
3487.8,
3487.8,
3487.2,
3486.4,3586.4
3487.0,
3487.0,
3486.0,
3487.2,
3489.6,
3489.0,
3487.0,
3488.8,
3487.0,
3486.0,
3486.0,
3486.0,
3486.0,3506.0
3486.0,
3487.2,
3487.2,
3487.2,
3487.6,
3487.0,
3487.0,
3487.2,
3486.8,
3486.8,
3486.2,
3486.0,
3485.8,
3485.0,
3484.2,
3486.0,
3484.2,
3484.2,
3484.0,
3483.6,
3483.4,
3483.2,
3483.2,
3485.8,
3486.0,
3486.4,
3484.6,
3485.8,
3484.2,
3483.8,
3483.6,
3483.2,
3485.0,
3484.0,
3484.0,
3483.0,
3484.0,
3483.2,
3484.6,
3482.0,
3482.6,
3482.6,
3482.4,
3482.0,
3482.0,
3482.4,
3482.0,
3482.0,
3481.2,
3482.6,
3482.8,
3482.8,
3482.8,
3483.0,
3482.4,
3482.0,
3481.4,
3481.4,
3481.2,
3481.2,
3481.2,
3483.2,
3481.4,
3481.4,
3483.4,
3481.8,
3483.2,
3481.8,
3481.8,
3482.0,
3481.6,
3481.2,
3480.8,
3480.8,
3480.8,
3480.4,
3480.4,
3480.4,
3482.0,
3482.0,
3480.4,
3480.4,
3480.6,
3480.4,
3480.2,
3480.2,
3480.2,
3480.2,
3480.2,
3480.2,
3480.0,
3480.0,
3480.2,
3480.0,
3480.0,
3480.0,
3480.2,
3480.2,
3479.0,
3480.0,
3480.0,
3480.0,
3480.0,
3480.4,
3480.2,
3480.0,
3480.4,
3480.4,
3480.4,
3482.6,
3481.2,
3482.6,
3482.6,
3481.4,
3482.8,
3481.6,
3482.0,
3481.0,
3483.6,
3483.2,
3483.0,
3481.2,
3481.6,
3483.2,
3481.8,
3483.0,
3483.4,
3482.8,
3483.6,
3483.2,
3482.8,
3483.6,
3483.6,
3483.8,
3483.6,
3484.0,
3484.0,
3484.6,
3485.4,
3483.8,
3485.4,
3484.8,
3484.8,3584.8
3485.4,
3485.4,
3485.2,
3486.4,
3486.4,
3485.4,
3485.6,
3486.4,
3486.4,
3487.6,
3485.2,
3485.0,
3485.0,
3484.6,
3486.0,
3484.6,
3485.8,
3485.8,
3483.6,
3483.6,
3485.6,
3483.4,
3483.4,
3483.4,
3483.4,
3484.4,
3484.4,
3484.4,
3483.2,
3484.0,
3484.0,
3483.4,
3484.0,
3484.0,
3484.0,
3483.0,
3483.8,
3483.6,
3483.8,
3484.0,
3482.8,
3483.8,
3482.8,
3481.6,
3484.2,
3481.6,
3482.0,
3481.2,
3482.2,
3483.4,
3482.0,
3484.0,
3482.6,
3482.2,
3482.0,
3482.0,
3481.2,
3482.0,
3482.0,
3481.4,
3481.6,
3481.6,
3481.4,
3481.4,
3482.0,3502.0
3481.0,
3481.0,
3480.6,
3480.2,
3480.0,
3480.0,
3480.0,
3480.2,
3479.6,
3479.4,
3478.0,
3479.4,
3480.0,
3482.0,
3478.4,
3478.4,
3477.6,
3479.2,
3480.8,
3481.2,
3478.2,
3478.0,
3478.0,
3478.4,
3479.8,
3477.8,
3477.4,
3480.4,
3477.4,
3477.6,
3480.4,
3477.6,
3480.4,
3478.8,
3478.4,
3478.2,
3478.4,
3478.6,
3478.4,
3480.0,
3478.4,
3479.6,
3478.6,
3480.2,
3479.0,
3480.4,
3480.6,
3481.4,
3481.6,
3481.6,
3481.6,
3481.8,
3483.8,
3484.2,
3483.4,
3485.8,
3483.8,
3484.0,
3485.8,
3484.2,
3485.6,
3485.6,
3484.4,
3485.8,
3484.4,
3484.4,
3484.8,
3484.6,
3484.8,
3485.0,
3483.8,
3483.2,
3482.6,
3481.4,
3482.2,
3481.8,
3482.2,
3483.4,3583.4
3482.2,
3482.2,
3483.2,
3484.0,
3481.4,
3481.4,
3481.8,
3482.0,
3481.6,
3483.4,
3483.6,
3482.2,
3483.8,
3484.2,
3484.0,
3484.4,
3484.8,
3485.0,
3485.0,
3485.2,
3485.2,
3485.6,
3485.8,
3484.8,
3485.6,
3486.2,
3485.4,
3485.6,
3485.0,
3485.6,
3485.6,
3485.6,
3485.8,
3485.8,
3484.4,
3483.0,
3482.6,
3482.8,
3483.0,
3482.6,
3483.4,
3483.0,
3483.4,
3483.8,
3483.4,
3484.0,
3485.0,
3484.8,
3485.4,
3485.6,
3484.8,
3486.6,
3486.6,
3486.8,
3484.8,
3486.8,
3487.8,
3485.6,
3486.4,
3486.4,
3486.4,
3487.0,
3486.6,
3486.4,
3486.4,
3488.0,
3488.0,
3488.0,
3488.0,
3488.6,
3488.6,
3489.4,
3489.6,
3489.6,
3487.6,
3488.2,
3489.6,
3488.2,
3489.4,
3490.0,
3490.0,
3489.8,
3488.0,
3488.0,
3488.0,
3489.8,
3489.6,
3488.2,
3488.0,
3489.0,
3489.0,
3488.2,
3489.0,
3488.0,
3489.0,
3489.0,
3487.6,
3488.8,
3487.4,
3487.4,
3487.0,
3487.0,
3488.4,
3488.4,
3488.4,
3487.0,
3488.4,
3487.2,
3487.2,
3488.4,
3488.6,
3488.6,
3488.8,
3489.0,
3489.0,
3489.0,
3489.0,
3489.0,
3489.0,
3489.0,
3489.6,
3489.6,
3489.8,
3490.0,
3490.0,
3490.6,
3490.6,
3491.0,
3492.8,
3491.6,
3491.6,
3491.6,
3492.4,
3492.6,
3492.4,
3493.4,
3493.6,
3493.6,
3493.6,
3494.0,
3493.6,
3494.0,
3493.6,
3494.2,
3494.0,
3494.2,
3494.2,
3494.4,
3494.4,
3494.4,
3494.2,
3494.4,
3494.2,
3493.8,
3494.0,
3494.2,
3493.2,
3494.2,
3494.4,
3494.4,
3493.8,
3493.2,
3493.2,
3492.8,
3491.6,
3492.0,
3492.0,
3493.0,
3492.0,
3493.0,
3493.2,
3493.6,
3493.2,
3493.6,
3494.0,
3494.0,
3494.0,
3493.2,
3494.4,
3493.2,
3494.6,
3494.6,
3494.2,
3492.0,
3493.6,
3493.6,
3492.6,
3493.6,
3493.6,
3492.6,
3493.6,
3492.4,
3491.6,
3491.4,
3491.6,
3491.6,
3491.0,
3490.6,
3493.2,
3490.8,
3490.6,
3492.4,
3490.4,
3491.4,
3492.0,
3492.6,
3492.8,
3490.8,
3490.8,
3490.6,
3492.6,
3490.6,
3492.4,
3491.0,
3491.0,
3491.0,
3491.0,
3491.0,
3491.6,
3491.6,
3491.8,3511.8
3492.2,
3491.2,
3491.2,
3491.2,
3491.2,
3491.0,
3490.8,
3492.6,
3490.8,
3492.0,
3492.6,
3492.6,
3492.6,
3492.8,
3493.0,
3493.4,
3493.0,
3493.6,
3493.0,
3494.0,
3494.0,
3494.0,
3494.0,
3494.0,
3493.4,
3493.0,
3493.0,
3493.8,
3492.6,
3494.2,
3493.6,
3492.4,
3494.6,
3494.4,
3494.8,
3494.6,
3494.8,
3495.0,
3494.8,3594.8
3495.0,
3495.0,
3495.0,
3495.2,
3495.2,
3495.2,
3495.0,
3494.8,
3495.4,
3495.4,
3494.4,
3494.8,
3494.6,
3493.4,
3494.8,
3493.4,
3493.0,
3492.8,
3492.4,
3492.4,
3492.4,
3493.4,
3493.6,
3493.6,
3493.2,
3493.4,
3493.0,
3493.0,
3493.0,
3492.6,
3493.0,
3492.2,
3492.6,
3492.0,
3491.6,
3493.0,
3492.6,
3492.4,
3492.2,
3491.6,
3491.2,
3491.2,
3491.2,
3491.2,
3491.0,
3492.0,
3490.8,
3490.8,
3490.6,
3491.0,
3490.6,
3491.8,3511.8
3490.6,
3492.0,
3491.2,
3492.0,
3491.0,
3492.2,
3491.0,
3490.8,
3490.4,
3491.0,
3491.8,
3491.8,
3492.0,
3492.2,
3493.0,
3492.0,
3493.0,
3493.2,
3494.2,
3494.2,
3494.0,
3494.0,
3494.0,
3494.0,
3494.0,
3494.2,
3494.0,
3494.6,
3492.8,
3492.8,
3494.2,
3494.4,
3494.6,
3495.0,
3495.0,
3495.0,
3495.4,
3495.4,
3495.4,3595.4
3495.0,
3495.0,
3495.2,
3495.2,
3495.0,
3495.0,
3494.0,
3493.4,
3493.4,
3495.0,
3494.4,
3494.4,
3493.0,
3494.8,
3492.8,
3493.0,
3492.8,
3493.0,
3493.0,
3493.0,
3493.0,
3493.0,
3492.2,
3492.2,
3492.2,
3491.4,
3491.2,
3491.4,
3491.0,
3491.4,
3491.4,
3491.4,
3490.6,
3493.4,
3492.0,
3494.0,
3492.0,
3492.2,
3492.0,
3493.6,
3492.4,
3493.6,
3494.0,
3494.0,
3494.4,
3494.0,
3494.6,
3493.0,
3494.6,
3494.0,
3494.0,
3493.2,3513.2
3493.4,
3493.4,
3493.4,
3494.4,
3493.8,
3493.2,
3493.2,
3494.4,
3494.2,
3494.2,
3494.4,
3494.4,
3494.4,
3494.4,
3494.0,
3493.6,
3493.6,
3493.2,
3493.2,
3492.4,
3492.4,
3491.0,
3490.8,
3490.8,
3490.8,
3490.8,3590.8
3491.0,
3490.2,
3490.4,
3492.8,
3490.2,
3490.4,
3492.0,
3490.4,
3491.0,
3490.0,
3490.0,
3490.2,
3490.8,3510.8
3490.2,
3491.0,
3492.0,
3491.2,
3491.2,
3491.2,
3490.4,
3490.2,
3490.2,
3490.4,
3490.2,
3490.2,
3490.2,
3490.0,
3490.0,
3490.0,
3490.0,
3490.0,
3488.8,
3489.4,
3488.8,
3489.8,
3488.6,
3488.0,
3488.6,
3488.6,
3486.8,
3486.8,
3486.8,
3488.2,
3488.0,
3486.8,
3487.0,
3488.2,
3488.0,
3488.0,
3488.0,
3488.2,
3488.2,
3488.0,
3488.0,
3488.0,
3487.8,
3486.6,
3486.6,
3488.0,
3488.0,
3487.0,
3487.0,
3486.8,
3487.0,
3487.2,
3487.6,
3487.6,
3487.0,
3487.2,
3487.2,
3487.2,
3488.0,
3487.2,
3486.0,
3485.6,
3485.4,
3485.2,
3485.2,
3485.0,
3484.2,
3484.2,
3484.6,
3485.0,
3483.4,
3483.4,
3483.2,
3484.0,
3485.2,
3485.4,
3485.2,
3484.6,
3484.6,
3484.6,
3484.8,
3485.2,
3484.8,
3485.2,
3485.4,
3485.4,
3485.4,
3484.8,
3484.8,
3484.8,
3484.8,
3485.2,
3484.6,
3484.8,
3484.6,
3485.0,
3485.2,
3484.2,
3485.0,
3484.2,
3482.6,
3482.6,
3484.6,
3482.6,
3484.4,
3485.2,
3483.2,
3482.4,
3485.4,
3484.4,
3485.2,
3485.4,
3485.2,
3485.6,
3485.4,
3485.4,
3485.4,
3485.6,
3485.4,
3485.4,
3485.4,
3485.2,
3485.2,
3485.0,
3485.6,
3485.6,
3485.4,
3485.6,
3485.4,
3485.0,
3486.4,
3485.8,
3487.0,
3486.8,
3487.2,
3486.8,
3486.8,
3485.8,
3485.8,
3487.2,
3485.8,
3487.6,
3487.4,3587.4
3487.2,
3486.0,
3486.0,
3486.8,
3487.2,
3486.0,
3487.4,
3485.2,
3485.0,
3483.8,
3484.4,
3483.6,
3483.2,
3483.2,
3485.4,
3483.6,
3483.2,
3483.0,
3482.8,
3482.4,
3482.2,
3482.0,
3482.8,
3483.0,
3484.6,
3483.2,
3484.4,
3483.0,
3483.0,
3484.4,
3482.4,
3482.4,
3482.2,
3482.2,
3484.0,
3483.0,
3483.2,
3483.0,
3483.8,3503.8
3483.8,
3484.4,
3484.0,
3484.0,
3484.2,
3485.0,
3485.0,
3484.8,
3485.4,
3485.4,
3485.8,
3486.8,
3486.4,
3486.8,
3487.0,
3487.0,
3487.8,
3487.8,
3487.0,
3487.8,
3487.8,
3487.8,
3487.8,
3488.0,
3487.8,
3487.8,
3488.0,
3488.0,
3487.8,
3487.8,
3486.6,
3487.6,
3487.8,
3487.6,
3487.6,
3487.8,
3487.6,
3487.8,
3487.6,3587.6
3487.6,
3487.8,
3487.2,
3487.2,
3487.6,
3487.6,
3487.8,
3487.8,
3487.4,
3487.8,
3487.8,
3487.4,
3488.0,
3488.0,
3488.6,
3488.6,
3491.0,
3489.6,
3491.0,
3491.4,
3491.4,
3491.6,
3492.0,
3492.0,
3492.0,
3492.0,
3491.6,
3492.0,
3492.4,
3492.6,
3492.8,
3492.8,
3492.4,
3492.4,
3492.0,
3492.4,
3492.4,
3493.0,
3492.8,
3493.0,
3493.0,
3493.2,
3493.2,
3493.2,
3493.8,
3494.0,
3494.0,
3494.2,
3494.2,
3494.4,
3494.8,
3494.8,
3493.4,
3493.0,
3494.2,
3493.2,
3493.2,
3493.2,
3493.2,
3493.2,
3494.4,
3492.2,
3492.2,
3493.8,
3494.2,
3493.0,
3492.8,
3493.0,
3493.8,
3493.4,
3494.0,
3494.0,
3494.0,
3494.6,
3495.0,
3495.0,
3495.0,
3495.0,
3495.4,
3495.6,
3496.0,
3495.8,
3496.4,
3496.0,
3497.0,
3497.0,
3497.0,
3497.6,
3497.6,
3497.8,
3497.6,
3497.0,
3497.0,
3496.8,
3496.4,
3496.0,
3497.0,
3495.6,
3497.0,
3497.0,
3495.6,
3497.0,
3497.0,
3496.2,
3496.6,
3495.8,
3495.2,
3495.0,
3495.0,
3495.2,
3494.0,
3493.2,
3493.2,
3494.0,
3493.8,
3494.0,
3494.2,
3494.2,
3495.4,
3495.8,
3492.0,
3495.2,
3492.4,
3492.4,
3493.8,
3492.2,
3492.2,
3493.4,
3493.2,
3493.6,
3493.0,
3492.8,
3493.0,
3492.6,
3492.8,
3493.0,
3492.6,
3492.4,
3492.2,
3492.2,
3492.4,
3492.2,
3491.8,3511.8
3492.2,
3492.2,
3492.6,
3493.6,
3493.4,
3495.0,
3494.6,
3495.4,
3494.0,
3495.8,
3496.0,
3496.0,
3496.0,
3496.0,
3496.2,
3496.6,
3496.4,
3497.0,
3497.2,
3498.0,
3498.4,
3498.0,
3497.2,
3498.4,
3497.2,
3497.2,
3497.2,
3496.6,
3498.2,
3498.8,
3497.6,
3497.6,
3498.0,
3498.6,
3498.6,
3498.8,
3498.6,
3499.2,
3499.4,3599.4
3499.4,
3499.4,
3499.4,
3499.2,
3499.4,
3499.6,
3499.6,
3499.8,
3499.2,
3498.8,
3499.6,
3499.6,
3497.6,
3497.6,
3497.6,
3497.6,
3499.0,
3497.6,
3499.2,
3499.8,
3499.4,
3499.8,
3499.4,
3499.4,
3499.4,
3498.4,
3498.8,
3498.4,
3499.0,
3499.0,
3499.8,
3499.8,
3498.8,
3499.8,
3499.6,
3500.0,
3500.0,
3499.0,
3500.0,
3499.8,
3499.8,
3500.0,
3500.0,
3500.0,
3500.0,
3500.0,
3500.0,
3500.0,
3500.0,
3500.0,
3500.6,
3500.6,
3500.8,
3500.8,
3500.8,
3500.2,
3501.8,
3502.0,
3501.8,
3501.8,
3502.0,
3502.0,
3502.0,
3502.4,
3502.8,
3503.0,
3502.6,
3503.0,
3503.0,
3503.2,
3503.0,
3503.0,
3503.2,
3502.6,
3503.2,
3503.4,
3503.2,
3503.2,
3503.0,
3503.2,
3503.0,
3503.0,
3503.4,
3502.6,
3502.8,
3502.0,
3503.0,
3503.0,
3502.6,
3502.6,
3502.0,
3502.6,
3502.0,
3501.0,
3501.2,
3500.8,
3500.8,
3500.8,
3500.0,
3498.2,
3501.0,
3500.8,
3500.6,
3498.4,
3498.4,
3498.6,
3500.6,
3500.6,
3498.6,
3500.4,
3499.0,
3500.6,
3500.4,
3500.8,
3500.0,
3498.8,
3500.0,3520.0
3499.0,
3500.2,
3500.2,
3500.4,
3500.4,
3500.4,
3500.0,
3499.2,
3501.0,
3499.2,
3500.2,
3501.6,
3501.6,
3500.2,
3500.0,
3499.6,
3499.8,
3500.8,
3500.2,
3500.0,
3501.0,
3501.0,
3501.2,
3501.2,
3501.0,
3501.0,
3500.8,
3500.8,
3500.8,
3501.0,
3500.6,
3500.6,
3500.2,
3500.0,
3500.6,
3499.0,
3499.0,
3499.2,
3500.6,
3499.2,
3499.2,
3499.0,
3498.6,
3498.0,
3498.0,
3500.4,
3500.4,
3500.8,
3501.2,
3501.0,
3501.2,
3501.4,
3500.2,
3500.2,
3500.8,
3500.8,
3501.0,
3500.6,
3500.0,
3500.0,
3501.0,
3501.0,
3499.8,
3500.4,
3499.2,
3499.4,
3500.0,
3498.8,
3500.0,
3500.2,
3499.2,
3499.0,
3499.0,
3498.8,
3499.6,
3498.8,
3498.2,
3497.6,
3499.8,
3497.0,
3499.8,
3497.8,
3499.4,
3498.0,
3498.0,
3498.0,
3499.0,
3497.8,
3498.0,
3498.0,
3497.8,
3497.2,
3498.0,
3498.0,
3499.0,
3498.2,
3497.2,
3498.2,
3497.8,
3499.0,
3497.8,
3499.0,
3497.8,
3497.8,
3497.8,
3497.8,
3498.6,
3498.6,
3497.4,
3498.8,
3500.0,
3498.0,
3498.0,
3498.0,
3498.0,
3498.0,
3499.4,
3498.4,
3499.2,
3498.6,
3499.2,
3499.2,
3499.2,
3499.4,
3499.0,
3499.6,
3499.6,
3499.2,
3498.8,
3499.6,
3499.2,
3499.8,
3499.0,
3499.0,
3499.6,
3499.2,
3499.8,
3499.0,
3499.8,
3499.2,
3499.0,
3498.2,
3498.8,
3499.0,
3498.8,
3498.6,
3499.4,
3497.6,
3498.2,
3496.0,
3499.0,
3495.6,
3495.6,
3495.4,
3495.6,
3495.2,3595.2
3497.0,
3495.2,
3495.2,
3495.2,
3495.2,
3495.0,
3495.0,
3495.0,
3495.2,
3495.0,
3495.2,
3495.0,
3495.0,3515.0
3493.6,
3491.0,
3493.0,
3494.6,
3494.0,
3494.0,
3494.6,
3494.6,
3495.0,
3493.4,
3494.2,
3494.0,
3493.0,
3493.0,
3493.2,
3493.6,
3493.6,
3493.4,
3493.4,
3494.0,
3494.0,
3493.4,
3493.6,
3493.4,
3493.2,
3493.0,
3493.0,
3493.6,
3491.8,
3493.2,
3492.6,
3492.4,
3490.8,
3492.8,
3490.6,
3490.0,
3490.0,
3490.0,
3492.2,
3492.6,
3492.6,
3492.8,
3490.8,
3493.6,
3491.2,
3491.4,
3492.4,
3491.2,
3492.2,
3492.0,
3492.0,
3491.4,
3491.2,
3491.8,
3491.2,
3491.2,
3491.2,
3492.0,
3493.2,
3492.0,
3492.8,
3493.4,
3493.6,
3493.8,
3493.6,
3494.0,
3494.0,
3493.6,
3493.6,
3493.6,
3493.0,
3493.0,
3493.0,
3493.4,
3493.6,
3493.8,
3493.6,
3493.6,
3493.6,
3493.6,
3493.6,
3493.6,
3493.6,
3493.6,
3493.6,
3493.6,
3492.6,
3493.0,
3492.8,
3493.0,
3493.2,3593.2
3493.4,
3493.6,
3493.6,
3493.6,
3493.6,
3493.6,
3493.6,
3493.2,
3493.6,
3493.8,
3494.0,
3494.0,
3493.0,
3493.6,
3493.6,
3493.6,
3493.6,
3493.6,
3493.0,
3493.6,
3494.2,
3494.0,
3494.4,
3494.0,
3494.8,
3493.0,
3492.8,
3493.0,
3492.4,
3493.8,
3491.6,
3491.4,
3491.0,
3490.6,
3490.4,
3490.4,
3490.0,
3490.2,
3490.6,
3490.6,
3490.8,
3490.6,
3490.0,
3490.0,
3489.0,
3488.6,
3487.2,
3487.2,
3488.2,
3489.0,
3486.4,
3489.4,3509.4
3488.2,
3488.2,
3488.4,
3488.6,
3488.8,
3487.6,
3487.4,
3487.6,
3487.6,
3488.4,
3488.0,
3488.4,
3488.0,
3488.2,
3487.8,
3488.0,
3488.4,
3486.8,
3486.6,
3487.8,
3486.6,
3486.4,
3486.2,
3486.0,
3486.2,
3486.0,
3485.2,
3485.2,
3485.8,
3485.2,
3485.2,
3485.0,
3485.2,
3485.0,
3485.0,
3485.0,
3487.2,
3485.2,
3487.6,
3487.2,
3487.6,
3485.8,
3486.8,
3486.4,
3487.4,
3487.6,
3487.6,
3487.4,
3487.6,
3486.2,
3487.8,
3487.2,
3488.2,
3487.0,
3487.6,
3487.2,
3485.6,
3485.6,
3485.6,
3487.2,
3486.0,
3485.0,
3485.2,
3484.4,
3484.2,
3484.4,
3482.6,
3482.6,
3482.2,
3482.2,
3483.8,
3483.2,
3483.2,
3482.6,
3481.4,
3481.6,
3481.4,
3482.6,
3481.6,
3480.8,
3480.8,
3480.8,
3481.2,
3480.6,
3480.4,
3480.6,
3480.4,
3480.2,
3480.2,
3482.6,
3482.6,
3482.6,
3482.6,
3481.6,
3481.6,
3482.6,
3482.6,
3483.6,
3482.2,
3483.4,
3483.0,
3483.8,
3484.8,
3484.8,
3485.0,
3485.0,
3485.4,
3483.6,
3485.0,
3483.6,
3485.0,
3485.4,
3485.4,
3483.6,
3484.0,
3484.2,
3483.8,
3483.6,
3484.8,
3483.4,
3483.6,
3485.0,
3481.8,
3481.6,
3481.8,
3481.8,
3484.2,
3484.2,
3481.6,
3483.2,
3484.4,
3483.8,
3483.0,
3483.0,
3482.8,
3483.2,
3484.4,
3484.2,
3482.8,
3484.4,
3483.2,
3484.8,
3483.2,3583.2
3483.2,
3484.6,
3484.6,
3483.8,
3484.6,
3484.6,
3484.2,
3483.8,
3483.8,
3483.4,
3484.0,
3484.0,
3484.4,
3484.2,
3484.2,
3484.2,
3484.2,
3484.8,
3484.0,
3485.0,
3485.0,
3483.6,
3484.0,
3484.6,
3485.2,
3483.6,
3483.0,
3483.8,
3483.0,
3483.0,
3482.8,
3482.2,
3483.6,
3482.2,
3482.0,
3482.0,
3481.2,
3482.0,
3481.0,
3482.0,
3482.0,
3482.0,
3482.0,
3483.8,
3483.8,
3482.2,
3483.0,
3482.8,
3482.8,
3483.6,
3483.4,
3484.0,3504.0
3485.0,
3483.0,
3483.4,
3482.8,
3482.0,
3482.2,
3482.0,
3484.0,
3484.0,
3481.6,
3483.0,
3483.0,
3481.2,
3481.2,
3482.6,
3482.6,
3483.2,
3482.8,
3482.8,
3482.6,
3483.0,
3483.0,
3482.8,
3482.6,
3482.4,
3482.0,
3483.0,
3481.6,
3483.2,
3483.2,
3483.8,
3482.4,
3482.2,
3482.2,
3482.2,
3482.2,
3482.2,
3482.2,
3482.6,
3484.0,
3484.0,
3484.6,
3484.2,
3484.2,
3483.4,
3484.4,
3484.4,
3484.8,
3484.6,
3483.4,
3485.0,
3485.0,
3483.8,
3484.0,
3484.0,
3484.2,
3484.0,
3484.4,
3484.0,
3483.2,
3483.0,
3483.0,
3483.0,
3482.6,
3482.6,3582.6
3482.8,
3483.0,
3482.8,
3482.0,
3482.8,
3481.8,
3482.6,
3481.8,
3481.6,
3481.4,
3481.0,
3481.0,
3480.6,
3480.4,
3480.4,
3480.8,
3480.4,
3480.6,
3481.0,
3480.2,
3480.2,
3480.2,
3480.2,
3480.2,
3480.0,
3480.2,3500.2
3480.0,
3480.2,
3480.8,
3480.0,
3480.0,
3480.0,
3480.0,
3480.0,
3480.0,
3480.0,
3480.0,
3480.0,
3479.8,
3479.8,
3479.8,
3479.8,
3479.8,
3479.8,
3479.8,
3479.6,
3479.6,
3479.6,
3479.6,
3479.4,
3479.8,
3480.0,
3479.4,
3479.6,
3480.0,
3479.0,
3479.4,
3479.0,
3479.0,
3479.0,
3479.0,
3480.2,
3480.2,
3480.0,
3480.0,
3480.0,
3480.0,
3480.0,
3480.2,
3480.6,
3480.0,
3481.0,
3479.8,
3480.0,
3481.4,
3481.6,
3480.6,
3480.4,
3481.8,
3481.8,
3481.2,
3481.6,
3481.4,
3481.0,
3481.0,
3480.6,
3480.2,
3480.0,
3479.8,
3480.2,
3479.8,
3480.2,
3480.0,
3480.0,
3479.8,
3479.8,
3479.8,
3479.6,
3479.6,
3479.6,
3480.0,
3479.6,
3479.0,
3479.8,3579.8
3478.2,
3479.0,
3478.2,
3478.0,
3478.0,
3478.0,
3478.0,
3478.0,
3477.6,
3478.6,
3477.0,
3477.0,
3476.6,3496.6
3477.0,
3476.6,
3476.2,
3476.2,
3476.2,
3476.2,
3476.2,
3476.2,
3476.2,
3476.0,
3476.4,
3476.4,
3477.0,
3476.6,
3476.2,
3476.2,
3476.2,
3476.2,
3476.2,
3476.6,
3476.6,
3478.0,
3477.0,
3477.6,
3477.2,
3478.6,
3477.4,
3477.2,
3477.2,
3477.2,
3476.8,
3478.0,
3477.4,
3477.4,
3477.4,
3477.4,
3478.4,
3477.4,
3478.8,
3479.4,
3477.4,
3479.6,
3479.6,
3479.6,
3478.0,
3478.0,
3478.0,
3477.8,
3477.8,
3478.0,
3477.4,
3479.0,
3478.4,
3478.6,
3478.4,
3477.8,
3478.6,
3479.4,
3478.2,
3478.0,
3478.0,
3477.8,
3477.6,
3477.4,
3477.8,3577.8
3479.0,
3478.6,
3479.0,
3479.2,
3479.8,
3479.2,
3480.0,
3479.8,
3478.6,
3478.2,
3478.2,
3479.0,
3479.0,
3479.0,
3479.2,
3480.0,
3479.2,
3480.2,
3480.0,
3480.8,
3480.8,
3481.2,
3480.0,
3480.2,
3480.8,
3481.0,
3481.0,
3481.2,
3481.8,
3481.0,
3481.0,
3481.8,
3482.4,
3482.6,
3482.6,
3482.8,
3481.6,
3482.6,
3481.2,
3481.6,
3482.8,
3483.6,
3483.8,
3482.0,
3483.8,
3483.8,
3481.6,
3481.4,
3481.6,
3482.0,
3483.2,
3482.0,
3483.0,
3482.2,
3482.2,
3482.6,
3482.6,
3481.8,
3482.6,
3482.0,
3482.6,
3482.0,
3482.6,
3482.6,
3482.8,
3483.2,
3482.8,
3482.6,
3482.2,
3482.8,
3483.0,
3482.8,
3482.0,
3481.8,
3482.2,
3481.2,
3480.0,
3480.0,
3480.0,
3480.0,
3480.0,
3480.0,
3480.2,
3480.2,
3479.0,
3480.2,
3481.2,
3480.4,
3480.0,
3480.0,
3480.0,
3480.0,
3479.8,
3479.8,
3479.2,
3479.0,
3479.0,
3479.0,
3478.8,
3478.4,
3478.0,
3478.0,
3479.0,
3478.4,3498.4
3478.0,
3478.0,
3478.0,
3478.0,
3478.0,
3478.0,
3478.2,
3478.0,
3478.0,
3477.6,
3477.6,
3477.4,
3477.0,
3477.0,
3477.0,
3477.0,
3476.0,
3477.2,
3476.2,
3476.2,
3476.2,
3476.0,
3476.2,
3476.2,
3475.0,
3475.8,
3475.6,
3475.0,
3475.0,
3475.0,
3475.2,
3475.6,
3475.0,
3476.0,
3476.0,
3476.4,
3476.4,
3478.6,
3478.8,
3479.4,
3480.0,
3479.0,
3479.0,
3479.0,
3478.8,
3479.0,
3479.0,
3479.4,
3479.8,
3479.6,
3482.6,
3483.4,
3480.6,
3480.6,
3483.6,
3482.2,
3482.4,
3482.4,
3482.4,
3482.0,
3482.0,
3482.8,
3482.8,
3482.6,
3482.6,3582.6
3482.6,
3482.0,
3482.0,
3481.8,
3480.0,
3481.6,
3480.0,
3480.0,
3480.0,
3480.0,
3480.0,
3480.0,
3480.8,
3480.8,
3481.2,
3482.0,
3481.0,
3481.8,
3481.8,
3481.6,
3481.6,
3481.8,
3482.0,
3482.6,
3482.2,
3482.8,
3483.0,
3483.8,
3483.8,
3483.8,
3484.4,
3484.0,
3484.4,
3484.4,
3484.4,
3483.6,
3484.4,
3484.2,
3484.2,
3484.2,
3484.0,
3484.0,
3483.6,
3484.2,
3484.2,
3484.2,
3483.8,
3484.2,
3482.8,
3482.6,
3483.4,
3482.8,
3483.6,
3482.6,
3482.6,
3482.6,
3482.4,
3482.0,
3482.4,
3483.4,
3482.6,
3482.4,
3482.2,
3481.8,
3481.6,
3481.6,
3481.6,
3479.0,
3481.8,
3480.6,
3480.2,
3480.0,
3480.0,
3480.2,
3480.2,
3480.2,
3479.8,
3479.2,
3479.2,
3479.2,
3479.0,
3479.0,
3479.2,
3479.0,
3479.0,
3479.0,
3479.0,
3480.2,
3479.8,
3479.8,
3478.6,3498.6
3478.6,
3478.8,
3478.0,
3478.2,
3478.6,
3478.2,
3478.2,
3478.2,
3478.0,
3478.0,
3478.4,
3478.4,
3478.0,
3478.0,
3478.0,
3478.8,
3478.0,
3478.6,
3478.8,
3479.6,
3480.0,
3479.6,
3480.0,
3480.2,
3480.8,
3479.2,
3480.8,
3480.4,
3481.0,
3481.0,
3481.0,
3481.0,
3480.8,
3481.8,
3480.2,
3480.2,
3482.4,
3482.4,
3482.2,
3482.8,
3483.4,
3483.4,
3483.8,
3483.0,
3484.0,
3483.4,
3483.4,
3483.8,
3483.6,
3484.0,
3484.0,
3484.0,3584.0
3484.8,
3484.8,
3486.8,
3486.8,
3485.8,
3485.8,
3485.8,
3486.2,
3486.6,
3485.2,
3486.6,
3486.6,
3484.8,
3486.8,
3487.0,
3486.8,
3487.0,
3485.2,
3486.6,
3486.8,
3486.6,
3486.6,
3486.6,
3485.8,
3485.6,
3485.6,
3485.6,
3485.0,
3485.6,
3486.2,
3486.6,
3486.6,
3485.6,
3486.8,
3486.6,
3485.8,
3486.8,
3485.8,
3485.6,
3485.2,
3485.8,
3485.0,
3485.0,
3485.6,
3485.2,
3485.6,
3485.0,
3485.0,
3485.4,
3485.4,
3485.2,
3485.4,
3485.2,
3484.8,
3485.0,
3484.0,
3484.4,
3484.0,
3483.8,
3483.6,
3483.8,
3483.8,
3483.4,
3483.6,
3483.4,
3483.8,
3483.2,
3483.2,
3483.2,
3483.0,
3483.0,
3483.0,
3483.0,
3482.6,
3482.6,
3481.4,
3481.2,
3482.2,3502.2
3481.2,
3481.0,
3480.6,
3482.2,
3480.4,
3480.0,
3480.4,
3480.0,
3480.0,
3480.0,
3480.0,
3479.0,
3480.4,
3479.2,
3479.2,
3480.0,
3480.4,
3480.4,
3480.0,
3480.0,
3480.0,
3480.0,
3480.8,
3481.0,
3480.0,
3480.0,
3480.0,
3479.6,
3479.0,
3479.0,
3479.0,
3479.0,
3478.2,
3478.8,
3478.2,
3478.0,
3478.8,
3478.8,
3478.8,
3479.0,
3479.0,
3479.0,
3479.0,
3481.0,
3481.0,
3482.6,
3483.6,
3483.8,
3483.2,
3482.8,
3483.0,
3483.0,
3483.0,
3483.4,
3483.0,
3484.4,
3484.6,
3485.0,
3482.8,
3482.8,
3482.8,
3484.0,
3483.8,
3483.6,
3483.6,
3482.6,
3482.8,
3482.8,
3482.2,
3482.0,
3481.4,
3480.8,
3480.2,
3482.0,
3482.6,
3482.6,
3482.4,
3481.4,3581.4
3481.6,
3481.6,
3481.4,
3480.2,
3480.2,
3480.0,
3480.0,
3480.2,
3480.0,
3479.6,
3479.6,
3479.6,
3479.6,
3480.0,
3480.6,
3479.6,
3479.0,
3479.0,
3479.0,
3479.8,
3478.4,
3478.2,
3478.4,
3479.2,
3479.4,
3478.4,3498.4
3478.2,
3478.0,
3478.0,
3477.6,
3477.0,
3477.0,
3477.0,
3478.0,
3478.0,
3478.0,
3478.2,
3477.6,
3477.6,
3478.4,
3477.2,
3477.2,
3477.2,
3477.2,
3477.0,
3477.0,
3477.4,
3477.6,
3478.0,
3478.2,
3477.2,
3478.2,
3477.2,
3477.2,
3478.2,
3478.2,
3478.2,
3478.2,
3478.2,
3478.4,
3478.4,
3478.6,
3478.2,
3478.0,
3478.6,
3478.6,
3478.0,
3477.6,
3478.6,
3476.0,
3477.6,
3477.6,
3477.8,
3477.8,
3477.8,
3477.6,
3477.8,
3477.2,
3476.4,
3476.2,
3476.2,
3476.4,
3476.0,
3476.2,
3476.2,
3476.0,
3477.0,
3476.0,
3476.2,
3476.0,
3475.6,
3475.6,
3475.6,
3476.0,
3475.4,
3475.2,
3476.0,
3475.2,
3476.0,
3475.0,
3475.0,
3474.4,
3474.8,
3476.0,
3474.6,
3474.6,
3474.4,
3474.4,
3474.0,
3473.6,
3473.2,
3472.6,
3472.2,
3472.0,
3472.6,
3471.8,
3471.2,
3470.2,
3470.2,
3470.2,
3470.4,
3472.6,
3470.4,
3470.4,
3470.4,
3470.4,
3470.4,
3471.0,
3472.4,
3470.8,
3472.2,
3471.0,
3471.0,
3471.0,
3471.0,
3471.0,
3471.0,
3471.0,
3472.6,
3471.4,
3471.4,
3471.2,
3471.4,
3472.2,
3471.0,
3472.2,
3471.8,
3472.0,
3472.2,
3472.2,
3472.4,
3472.6,
3472.6,
3473.0,
3473.2,
3473.0,
3474.6,
3474.8,
3474.8,
3474.6,
3474.8,
3474.8,
3474.6,
3476.0,
3474.8,
3474.4,
3474.8,
3474.2,
3474.0,
3474.0,
3473.8,
3474.6,
3474.8,
3473.6,
3473.4,
3473.4,
3473.2,
3473.2,
3473.4,
3475.0,
3473.0,
3473.0,3573.0
3473.0,
3474.6,
3474.6,
3474.6,
3474.8,
3474.8,
3474.0,
3475.4,
3475.4,
3474.6,
3474.2,
3475.2,
3475.4,
3474.8,
3475.0,
3474.6,
3474.0,
3475.0,
3475.0,
3474.8,
3474.6,
3475.0,
3474.6,
3475.0,
3474.4,
3475.0,
3474.6,
3475.0,
3475.0,
3474.4,
3475.0,
3475.0,
3475.0,
3475.8,
3475.8,
3475.8,
3476.0,
3476.2,
3476.6,
3476.6,
3478.0,
3477.8,
3478.0,
3477.8,
3477.6,
3477.8,
3477.8,
3477.8,
3478.6,
3478.6,
3478.6,
3478.0,
3478.0,
3478.0,
3478.8,
3478.8,
3479.6,
3478.8,
3479.6,
3479.4,
3479.6,
3479.8,
3480.2,
3480.2,
3482.6,
3482.8,
3480.8,
3480.4,
3480.2,
3480.6,
3480.0,
3481.0,
3478.6,
3478.8,
3479.2,
3479.2,
3480.8,
3478.6,
3480.6,
3480.8,
3480.8,
3481.2,
3481.2,
3481.0,
3481.0,
3479.0,
3481.2,
3481.0,
3480.8,
3480.4,
3480.0,
3480.6,
3480.6,
3480.6,
3480.0,
3480.0,
3479.0,
3479.8,
3480.0,
3479.6,
3479.6,
3479.6,
3479.0,
3478.8,
3478.6,
3478.0,
3477.4,
3477.4,
3478.4,
3478.8,
3479.2,
3478.8,
3478.8,
3476.0,
3477.4,
3478.4,
3479.4,
3479.6,
3479.6,
3479.0,
3479.0,
3478.8,
3478.4,
3478.4,
3479.0,
3479.0,
3479.2,
3479.6,
3479.6,
3481.0,3501.0
3481.0,
3481.4,
3482.0,
3480.2,
3480.4,
3481.8,
3481.8,
3481.8,
3480.4,
3481.8,
3479.2,
3481.2,
3481.4,
3481.6,
3481.6,
3481.4,
3480.2,
3481.4,
3481.8,
3481.4,
3481.4,
3481.6,
3481.6,
3481.8,
3482.0,
3482.0,3582.0
3483.2,
3483.4,
3483.8,
3482.4,
3482.2,
3483.0,
3483.6,
3482.2,
3483.8,
3483.8,
3484.6,
3484.8,
3484.8,
3483.4,
3484.8,
3483.6,
3483.6,
3483.8,
3483.8,
3483.4,
3483.6,
3483.8,
3483.4,
3484.6,
3484.2,
3485.0,
3484.0,
3484.0,
3484.0,
3484.0,
3484.6,
3484.0,
3484.4,
3484.2,
3483.6,
3483.6,
3483.6,
3483.4,
3484.0,
3484.2,
3484.4,
3482.4,
3482.4,
3484.0,
3484.0,
3484.0,
3484.0,
3484.0,
3484.2,
3484.6,
3484.4,
3484.6,
3484.8,
3484.8,
3486.0,
3486.0,
3485.8,
3486.0,
3487.4,
3487.4,
3487.4,
3487.4,
3488.0,
3487.4,
3486.8,
3487.4,
3488.0,
3488.0,
3488.0,
3488.0,
3487.0,
3487.0,
3487.0,
3486.8,
3486.8,
3485.2,
3485.0,
3486.6,
3486.8,
3485.6,
3487.0,
3487.0,
3485.4,
3486.8,
3485.4,
3485.4,
3485.0,
3484.8,
3483.6,
3483.8,
3483.0,
3483.0,
3483.0,
3482.8,
3482.6,
3482.8,
3483.0,
3483.0,
3484.2,
3484.8,
3484.8,
3485.0,
3484.8,
3485.0,
3485.2,
3484.6,
3484.6,
3484.4,
3484.4,
3484.6,
3484.4,
3484.6,
3483.4,
3484.2,
3484.6,
3482.6,
3483.2,3503.2
3482.4,
3484.2,
3483.0,
3482.8,
3483.0,
3482.6,
3482.6,
3482.6,
3482.2,
3482.2,
3484.2,
3483.0,
3482.6,
3482.2,
3482.6,
3483.6,
3482.4,
3483.6,
3482.0,
3482.0,
3482.0,
3484.0,
3482.2,
3482.2,
3482.0,
3481.2,
3480.6,
3481.4,
3481.2,
3481.2,
3481.4,
3480.8,
3480.8,
3480.8,
3481.0,
3481.0,
3480.4,
3481.0,
3480.4,
3481.2,
3481.0,
3481.8,
3481.0,
3482.0,
3482.6,
3483.2,
3483.4,
3484.4,
3482.0,
3484.4,
3482.6,
3484.4,
3483.2,
3483.0,
3483.2,
3483.2,
3484.6,
3483.0,
3484.8,
3484.6,
3484.4,
3483.4,
3483.4,
3483.0,
3483.0,
3482.4,
3482.0,
3481.6,
3481.6,
3481.6,
3481.2,
3481.2,
3481.2,
3482.8,
3482.8,
3483.2,
3481.0,
3481.4,3581.4
3483.0,
3481.2,
3481.0,
3481.0,
3481.0,
3481.2,
3482.4,
3480.6,
3480.2,
3480.0,
3481.8,
3481.8,
3481.8,3501.8
3481.8,
3480.2,
3481.2,
3481.2,
3481.2,
3480.0,
3480.0,
3480.2,
3480.2,
3477.6,
3477.6,
3477.4,
3479.6,
3477.2,
3477.4,
3479.0,
3478.8,
3477.8,
3477.4,
3479.0,
3480.0,
3477.6,
3479.8,
3480.2,
3480.2,
3479.8,
3479.6,
3478.4,
3479.0,
3479.2,
3480.0,
3480.2,
3480.2,
3480.2,
3480.2,
3480.2,
3482.6,
3482.8,
3482.8,
3482.8,
3482.4,
3482.4,
3482.4,
3481.6,
3482.6,
3482.6,
3482.0,
3481.4,
3482.8,
3482.0,
3482.6,
3480.8,
3482.0,
3482.0,
3482.0,
3482.0,
3482.4,
3482.8,
3481.4,
3481.4,
3480.2,
3480.0,
3480.6,
3482.0,
3482.0,3582.0
3481.8,
3480.8,
3481.8,
3481.6,
3481.8,
3481.6,
3482.0,
3482.0,
3482.2,
3481.4,
3482.0,
3481.2,
3481.0,
3480.8,
3480.6,
3480.6,
3481.6,
3480.2,
3480.0,
3481.0,
3478.4,
3479.6,
3478.2,
3478.2,
3478.6,
3479.4,
3480.0,
3480.0,
3480.0,
3480.0,
3479.6,
3480.6,
3480.2,
3479.4,
3480.0,
3481.0,
3479.8,
3480.0,
3480.0,3500.0
3480.2,
3480.4,
3481.6,
3482.2,
3481.2,
3480.0,
3480.0,
3482.0,
3480.2,
3482.2,
3482.4,
3481.4,
3480.6,
3482.4,
3480.8,
3480.0,
3482.6,
3480.2,
3481.4,
3481.4,
3482.0,
3482.2,
3482.0,
3482.6,
3482.8,
3483.0,
3483.2,
3482.2,
3483.0,
3483.4,
3483.2,
3483.6,
3483.8,
3484.8,
3484.8,
3483.2,
3483.4,
3484.4,
3484.4,3584.4
3484.8,
3484.8,
3485.0,
3485.6,
3486.8,
3487.0,
3487.0,
3484.8,
3487.2,
3486.6,
3486.2,
3486.2,
3486.0,
3486.0,
3485.6,
3485.6,
3485.6,
3486.2,
3486.4,
3486.4,
3485.6,
3486.0,
3486.4,
3486.6,
3487.8,
3488.2,
3487.4,
3489.0,
3489.4,
3488.2,
3489.6,
3489.6,
3489.4,
3489.6,
3489.6,
3489.8,
3490.0,
3490.0,
3492.6,
3491.6,
3490.2,
3491.8,
3492.0,
3491.8,
3490.2,
3492.0,
3492.0,
3492.2,
3492.0,
3492.2,
3492.2,
3492.2,
3492.8,
3492.6,
3492.6,
3493.6,
3494.0,
3494.0,
3493.8,
3493.8,
3492.2,
3492.2,
3493.8,
3493.0,
3492.6,
3493.4,
3492.4,
3492.2,
3493.0,
3492.2,
3493.2,
3493.2,
3493.0,
3492.2,
3492.6,
3492.2,
3492.2,
3492.2,
3492.8,
3492.8,
3492.0,
3492.2,
3492.8,
3492.8,
3493.2,
3493.4,
3493.4,
3493.2,
3493.2,
3492.8,
3492.4,
3492.2,
3492.8,
3493.4,
3492.4,
3492.2,
3492.0,
3492.2,
3492.0,
3492.0,
3492.0,
3492.0,
3492.0,
3492.0,
3491.8,
3490.6,
3491.8,
3490.6,
3490.2,
3490.2,
3491.0,
3491.6,
3491.4,
3491.6,
3491.6,
3492.0,
3492.0,
3491.6,
3490.6,
3490.4,
3490.4,
3490.2,
3491.6,
3490.4,
3490.0,
3490.0,
3491.2,
3491.4,
3491.6,
3491.6,3511.6
3491.4,
3491.8,
3492.0,
3492.0,
3492.2,
3493.6,
3493.0,
3494.2,
3494.2,
3494.4,
3492.6,
3494.0,
3494.0,
3493.8,
3492.4,
3493.2,
3491.8,
3492.4,
3493.2,
3491.6,
3491.6,
3491.6,
3491.0,
3490.4,
3492.4,
3490.2,
3490.0,
3492.0,
3492.4,
3493.4,
3491.6,
3491.6,
3491.2,
3491.2,
3491.0,
3491.2,
3492.0,
3490.0,
3492.0,
3492.6,
3490.6,
3490.4,
3490.2,
3491.6,
3490.0,
3490.0,
3490.0,
3490.0,
3489.6,
3489.2,
3489.6,
3490.8,
3490.8,
3491.0,
3490.8,
3490.0,
3491.8,
3490.2,
3491.0,
3491.0,
3490.4,
3490.4,
3490.4,
3493.8,
3490.2,
3491.4,
3490.4,
3491.0,
3492.6,
3491.0,
3492.4,
3492.4,
3492.0,
3493.2,
3491.6,
3491.6,
3491.6,
3492.2,
3492.2,
3492.2,
3491.4,
3491.8,
3491.8,
3491.6,
3491.6,
3491.6,
3491.4,
3491.0,
3491.2,
3490.4,
3490.8,
3490.8,
3491.0,
3491.0,
3491.4,
3491.6,
3492.0,
3493.0,
3492.4,
3493.0,
3493.4,
3493.4,
3493.4,
3493.2,3593.2
3493.4,
3493.6,
3493.4,
3494.0,
3494.2,
3493.2,
3494.0,
3494.4,
3494.4,
3494.4,
3493.6,
3494.4,
3494.4,
3495.0,
3494.4,
3495.0,
3494.6,
3495.0,
3495.0,
3494.6,
3495.4,
3494.8,
3495.8,
3495.4,
3496.0,
3496.8,
3497.2,
3496.0,
3497.2,
3497.8,
3497.2,
3498.0,
3498.0,
3498.0,
3497.8,
3498.0,
3498.2,
3497.8,
3497.8,
3497.8,
3497.8,
3498.0,
3497.8,
3497.8,
3497.2,
3497.8,
3497.2,
3497.4,
3497.6,
3497.6,
3497.6,
3497.0,
3497.8,
3497.0,
3498.8,
3498.8,
3498.4,
3498.8,
3498.2,
3498.0,
3498.0,
3497.0,
3497.8,
3497.0,
3497.8,
3497.4,
3498.0,
3497.0,
3498.0,
3496.8,
3496.8,
3498.2,
3497.2,
3498.2,
3498.0,
3498.2,
3498.8,
3497.8,
3499.0,
3499.2,
3498.6,
3499.4,
3500.0,
3499.2,
3500.0,
3500.0,
3499.6,
3499.0,
3499.2,
3498.8,
3499.8,
3500.0,
3500.0,
3499.8,
3499.8,
3499.8,
3500.0,
3500.0,
3500.0,
3500.0,
3500.0,
3500.0,
3500.0,
3500.0,
3500.4,
3502.0,
3503.2,
3503.2,
3503.2,
3503.2,
3503.2,
3503.2,
3504.0,
3504.0,
3504.0,
3503.8,
3504.2,
3503.8,
3504.2,
3503.6,
3504.2,
3502.6,
3502.4,
3502.8,
3503.2,
3503.2,
3503.0,
3504.0,
3503.6,
3504.4,
3504.2,
3502.8,
3503.0,
3504.4,
3503.0,
3504.4,
3503.6,
3503.6,
3504.0,
3505.0,
3506.0,
3507.0,
3507.0,
3507.2,
3505.0,
3506.6,
3505.6,
3504.8,
3504.8,
3504.8,
3505.4,
3505.6,
3505.8,
3505.8,
3506.4,
3506.2,
3506.4,
3506.0,
3506.0,
3506.0,
3506.8,
3506.0,
3506.0,
3507.2,
3507.0,
3507.0,
3507.8,
3507.8,
3507.8,
3508.0,
3508.2,
3508.6,
3508.2,
3508.8,
3507.0,
3507.8,
3508.0,
3507.0,
3507.4,
3507.4,
3507.8,
3507.0,
3506.8,
3506.0,
3508.0,
3508.0,
3506.2,
3507.8,
3506.0,
3506.0,
3506.0,
3506.8,
3507.6,
3507.4,
3506.0,
3506.0,
3506.0,
3507.2,
3507.6,
3506.2,
3506.2,
3506.4,
3507.8,
3508.0,
3508.0,
3507.8,
3508.0,
3508.2,
3508.0,
3508.0,
3508.8,
3508.0,
3508.0,
3508.2,
3508.2,
3508.2,
3508.4,
3507.6,
3507.6,
3506.6,
3507.6,
3505.6,
3505.6,
3505.6,
3505.8,
3505.2,
3506.0,
3507.4,
3505.2,
3505.2,
3506.8,
3507.0,
3505.0,
3505.6,
3505.2,
3505.0,
3504.8,
3504.2,
3504.2,
3505.0,
3505.0,
3504.4,
3503.8,
3503.8,
3503.6,
3504.4,
3503.8,3523.8
3503.8,
3504.0,
3503.8,
3505.0,
3503.8,
3503.6,
3503.6,
3503.6,
3503.6,
3504.6,
3503.8,
3503.8,
3503.8,
3504.6,
3504.6,
3504.0,
3503.8,
3505.2,
3505.2,
3504.0,
3504.0,
3504.0,
3504.0,
3504.0,
3504.2,
3504.4,
3504.0,
3503.8,
3503.8,
3504.4,
3503.8,
3503.6,
3503.6,
3503.6,
3504.6,
3505.0,
3505.0,
3504.2,
3504.2,
3504.0,
3504.8,
3503.8,
3503.2,
3503.2,
3503.0,
3503.6,
3503.2,
3503.2,
3503.8,
3503.0,
3503.0,
3504.0,
3504.6,
3503.8,
3505.0,
3503.8,
3504.0,
3503.8,
3503.8,
3503.8,
3503.4,
3504.8,
3504.8,
3503.4,
3503.2,
3503.0,
3503.0,
3504.6,
3504.6,
3503.2,
3503.2,
3503.0,
3503.2,
3503.0,
3503.2,
3502.6,
3502.2,
3502.0,
3502.2,
3502.0,
3502.0,
3502.0,
3502.4,
3502.0,
3502.0,
3502.0,
3503.0,
3503.0,
3502.2,
3504.6,
3502.4,
3502.4,
3502.4,
3503.0,
3504.0,
3504.2,
3503.0,
3503.2,
3503.2,
3504.6,
3504.6,
3504.6,
3504.8,
3504.6,
3504.6,
3504.6,
3505.0,
3505.6,
3507.0,
3506.6,
3507.6,
3507.0,
3507.0,
3506.0,
3506.0,
3505.6,
3505.6,3605.6
3505.0,
3505.0,
3505.0,
3505.4,
3505.6,
3505.6,
3505.8,
3506.0,
3506.0,
3506.0,
3506.0,
3506.8,
3507.0,
3506.0,
3507.0,
3507.8,
3507.6,
3506.0,
3507.8,
3506.8,
3507.8,
3508.0,
3508.0,
3508.0,
3507.8,
3508.4,
3508.4,
3508.4,
3508.0,
3508.8,
3508.8,
3508.4,
3508.6,
3509.0,
3508.8,
3508.8,
3508.6,
3509.4,
3509.6,
3509.2,
3509.8,
3509.8,
3508.8,
3508.4,
3509.6,
3509.8,
3508.2,
3508.0,
3508.0,
3508.8,
3508.8,
3508.8,
3508.8,
3508.8,
3508.6,
3508.4,
3508.8,
3509.4,
3509.8,
3509.8,
3508.4,
3508.4,
3509.4,
3508.4,
3508.4,
3508.4,
3509.4,
3508.0,
3509.0,
3508.0,
3508.6,
3508.6,
3508.0,
3507.8,
3508.6,
3507.4,
3508.8,
3508.6,
3508.6,
3508.6,
3508.8,
3508.8,
3508.8,
3508.8,
3509.6,
3508.8,
3508.8,
3508.8,
3509.8,
3510.0,
3509.0,
3510.0,
3510.0,
3510.0,
3509.8,
3510.0,
3509.8,
3510.0,
3510.0,
3510.0,
3510.0,
3509.8,
3508.2,
3509.8,
3509.8,
3509.8,
3509.6,
3509.8,
3509.6,
3509.8,
3510.0,
3510.2,
3511.0,
3511.8,
3511.0,
3511.0,
3512.6,
3512.8,
3512.8,
3513.0,
3513.4,
3513.6,
3513.4,
3513.6,
3514.0,
3513.6,
3513.6,
3513.6,
3511.4,
3513.0,
3513.4,
3513.6,
3515.0,
3515.0,
3511.8,
3512.2,
3511.8,
3514.2,
3514.0,
3514.6,
3514.0,
3512.2,
3513.6,
3513.6,
3514.0,
3514.0,
3514.0,
3514.0,
3514.2,
3512.6,
3513.0,
3513.8,
3513.4,
3514.6,
3514.0,
3512.6,
3513.8,
3513.4,
3512.2,
3511.8,
3513.0,
3512.2,
3512.8,
3511.8,
3511.8,
3511.8,
3511.8,
3510.4,
3511.0,
3510.2,
3511.6,
3512.6,
3510.2,
3510.2,
3510.2,
3510.2,
3510.0,
3510.0,
3511.2,
3511.8,
3509.6,
3512.0,
3510.0,
3510.0,
3509.8,
3510.0,
3510.2,
3511.2,
3511.6,
3510.0,
3510.2,
3510.8,
3511.8,
3510.0,
3510.0,3530.0
3509.8,
3509.8,
3509.8,
3509.8,
3509.8,
3510.0,
3509.4,
3510.2,
3509.4,
3509.2,
3510.0,
3511.2,
3511.8,
3509.6,
3509.6,
3509.4,
3509.6,
3509.0,
3509.4,
3508.8,
3509.0,
3509.0,
3508.8,
3509.0,
3508.8,
3508.8,
3509.0,
3509.6,
3508.8,
3508.8,
3508.8,
3509.0,
3510.2,
3508.8,
3508.0,
3508.4,
3508.6,
3509.0,
3509.0,
3509.0,
3508.8,
3508.6,
3509.2,
3509.0,
3509.2,
3509.8,
3509.8,
3509.8,
3509.2,
3509.8,
3510.0,
3510.0,
3510.0,
3510.0,
3510.0,
3510.2,
3509.6,
3510.2,
3509.0,
3509.6,
3508.6,
3508.6,
3508.6,
3508.6,
3508.0,
3508.0,
3508.0,
3508.0,
3508.0,
3507.8,
3508.0,
3508.0,
3507.8,
3507.8,
3506.2,
3507.6,
3506.6,
3506.6,
3508.0,
3507.8,
3507.0,
3507.2,
3507.2,
3507.2,
3507.0,
3507.2,
3506.6,
3506.6,
3506.8,
3506.8,
3506.8,
3507.0,
3507.6,
3506.8,
3507.6,
3507.8,
3507.8,
3508.0,
3508.0,
3507.6,
3507.2,
3507.6,
3508.0,
3507.6,
3507.0,
3508.0,
3508.0,
3508.2,
3508.0,
3507.2,
3508.0,
3508.0,
3507.8,
3508.8,
3507.8,
3508.8,
3508.8,
3509.0,
3508.6,
3509.6,
3510.0,
3509.6,
3509.6,
3510.0,
3509.4,
3510.2,
3510.0,
3510.8,
3511.4,
3510.4,3610.4
3511.0,
3510.4,
3511.8,
3510.2,
3515.0,
3515.0,
3515.0,
3515.0,
3514.6,
3515.0,
3513.0,
3515.8,
3516.0,
3516.0,
3515.8,
3515.8,
3516.4,
3516.8,
3518.0,
3518.0,
3517.0,
3517.4,
3517.0,
3517.8,
3517.4,
3518.4,
3518.8,
3518.8,
3517.6,
3518.6,
3517.4,
3518.0,
3517.8,
3518.0,
3518.4,
3517.6,
3517.6,
3518.0,
3517.4,
3517.4,
3517.6,
3518.2,
3515.8,
3515.6,
3515.6,
3517.2,
3517.2,
3517.2,
3516.0,
3516.0,
3516.8,
3516.0,
3515.8,
3517.0,
3516.0,
3517.4,
3517.6,
3517.6,
3517.8,
3517.8,
3516.2,
3516.8,
3517.4,
3517.8,
3518.0,
3518.0,
3518.0,
3518.4,
3518.6,
3518.8,
3518.8,
3518.8,
3518.8,
3519.6,
3518.8,
3519.8,
3520.0,
3520.0,
3520.0,
3520.0,
3520.0,
3520.0,
3519.4,
3520.0,
3520.0,
3520.0,
3520.0,
3520.0,
3520.0,
3519.4,
3518.8,
3519.4,
3519.4,
3519.4,
3519.4,
3519.8,
3519.4,
3519.0,
3519.0,
3519.0,
3519.2,
3519.4,
3519.2,
3519.2,
3519.4,
3519.4,
3519.0,
3519.0,
3519.0,
3518.6,
3518.8,
3518.6,
3518.4,
3516.4,
3516.0,
3516.0,
3516.0,
3515.8,
3515.4,
3515.2,
3515.2,
3515.2,
3515.2,
3515.8,
3515.2,
3515.2,
3515.2,
3516.0,
3516.0,
3516.0,3536.0
3516.0,
3516.2,
3516.2,
3516.0,
3516.6,
3516.6,
3515.4,
3515.4,
3515.0,
3517.0,
3516.8,
3515.4,
3515.2,
3516.0,
3515.2,
3515.2,
3515.4,
3515.2,
3515.6,
3516.6,
3516.4,
3515.2,
3517.2,
3517.4,
3517.2,
3516.6,
3518.0,
3518.4,
3518.0,
3519.0,
3518.8,
3518.8,
3519.0,
3519.8,
3519.8,
3519.4,
3519.2,
3520.0,
3519.4,
3520.0,
3519.0,
3519.4,
3519.4,
3519.4,
3520.0,
3520.0,
3519.6,
3519.6,
3519.8,
3519.4,
3519.8,
3519.8,3619.8
3519.8,
3520.0,
3519.8,
3520.4,
3520.0,
3521.0,
3520.2,
3520.2,
3521.0,
3520.2,
3520.0,
3521.0,
3520.0,
3521.4,
3522.8,
3523.0,
3524.0,
3523.8,
3525.0,
3525.0,
3525.2,
3525.0,
3525.6,
3523.8,
3523.8,
3523.0,
3525.0,
3525.0,
3525.4,
3526.0,
3526.8,
3526.8,
3526.0,
3526.8,
3525.4,
3523.8,
3525.0,
3525.8,
3525.4,
3525.8,
3525.8,
3524.0,
3524.8,
3524.8,
3524.0,
3522.6,
3522.8,
3524.0,
3523.0,
3522.4,
3521.4,
3524.0,
3520.0,
3520.0,
3520.8,
3520.0,
3520.2,
3520.2,
3520.2,
3520.6,
3520.4,
3520.4,
3520.0,
3520.0,
3520.0,
3520.0,
3519.8,
3519.8,
3519.8,
3519.4,
3519.4,
3519.0,
3519.8,
3519.4,
3519.2,
3519.4,
3519.4,
3519.4,3539.4
3519.8,
3519.8,
3519.2,
3520.0,
3519.0,
3520.6,
3520.8,
3521.4,
3520.8,
3520.0,
3520.0,
3520.0,
3520.0,
3520.0,
3520.0,
3521.2,
3520.0,
3520.0,
3520.0,
3520.0,
3520.2,
3520.0,
3520.8,
3520.0,
3520.8,
3521.6,
3521.6,
3521.4,
3522.0,
3522.0,
3522.4,
3522.0,
3520.6,
3522.4,
3522.4,
3520.8,
3522.0,
3522.2,
3520.8,
3521.8,
3522.0,
3521.8,
3521.8,
3521.6,
3522.2,
3522.0,
3522.2,
3521.8,
3521.6,
3521.6,
3521.6,
3521.6,
3521.4,
3521.6,
3522.4,
3522.2,
3522.2,
3521.6,
3522.0,
3522.0,
3521.2,
3521.0,
3521.0,
3520.8,
3520.8,3620.8
3521.0,
3520.8,
3520.2,
3520.0,
3520.0,
3520.0,
3520.2,
3520.0,
3520.0,
3520.0,
3520.6,
3520.0,
3520.0,
3521.8,
3520.2,
3520.2,
3520.2,
3520.0,
3519.8,
3519.8,
3519.8,
3520.0,
3519.2,
3519.0,
3520.0,
3519.2,3539.2
3519.6,
3519.2,
3519.2,
3519.2,
3519.0,
3519.0,
3519.0,
3518.4,
3519.0,
3518.0,
3519.0,
3518.0,
3518.4,
3518.8,
3520.2,
3518.8,
3518.8,
3518.8,
3518.0,
3518.0,
3516.6,
3516.6,
3516.6,
3516.6,
3516.2,
3516.0,
3516.4,
3516.4,
3516.8,
3517.8,
3518.4,
3518.4,
3518.0,
3518.4,
3518.6,
3517.6,
3517.4,
3517.0,
3516.6,
3516.6,
3518.4,
3517.2,
3519.2,
3518.8,
3520.0,
3520.0,
3520.2,
3519.8,
3520.4,
3518.2,
3519.8,
3520.0,
3520.2,
3520.0,
3520.2,
3519.0,
3520.0,
3520.2,
3520.8,
3520.6,
3521.0,
3521.0,
3521.0,
3522.0,
3522.2,
3522.0,
3522.2,
3524.4,
3524.4,
3523.8,
3523.8,
3523.8,
3522.0,
3522.0,
3522.0,
3522.0,
3522.0,
3521.0,3621.0
3521.0,
3521.0,
3520.6,
3520.4,
3522.0,
3520.2,
3521.4,
3522.0,
3522.0,
3521.8,
3522.0,
3522.0,
3522.0,
3521.0,
3521.0,
3521.0,
3521.0,
3520.4,
3520.2,
3520.2,
3520.2,
3520.2,
3520.2,
3520.0,
3520.0,
3519.0,
3517.8,
3517.8,
3517.6,
3518.8,
3517.2,
3517.2,
3518.8,
3517.2,
3518.0,
3518.8,
3517.8,
3519.0,
3517.4,
3517.0,
3517.4,
3516.0,
3516.0,
3516.6,
3516.4,
3516.4,
3516.2,
3516.2,
3516.0,
3516.4,
3516.4,
3516.0,3536.0
3516.0,
3515.8,
3515.6,
3515.4,
3516.4,
3517.6,
3516.4,
3517.8,
3517.8,
3518.0,
3518.0,
3519.0,
3519.0,
3520.0,
3520.2,
3518.6,
3518.2,
3517.4,
3517.0,
3517.4,
3516.8,
3517.2,
3517.4,
3518.2,
3517.4,
3517.4,
3517.4,
3519.4,
3517.8,
3518.0,
3517.8,
3518.0,
3518.4,
3517.4,
3519.0,
3518.4,
3518.4,
3519.4,
3518.4,
3519.4,
3519.4,
3519.4,
3518.8,
3519.2,
3519.6,
3519.8,
3520.0,
3520.0,
3521.0,
3521.0,
3522.0,
3522.0,3622.0
3522.6,
3523.0,
3522.6,
3522.0,
3522.0,
3521.8,
3520.8,
3520.2,
3520.4,
3520.4,
3521.4,
3521.0,
3521.6,
3521.6,
3521.6,
3521.4,
3522.0,
3521.4,
3522.0,
3522.0,
3522.0,
3522.0,
3522.0,
3521.4,
3521.0,
3521.0,
3521.4,
3521.4,
3521.4,
3521.0,
3521.4,
3521.0,
3520.6,
3520.4,
3520.4,
3520.6,
3521.2,
3521.0,
3521.4,
3521.4,
3521.4,
3521.4,
3521.4,
3521.4,
3522.0,
3521.2,
3521.4,
3523.0,
3523.6,
3524.4,
3524.6,
3522.4,
3524.8,
3522.6,
3523.0,
3522.4,
3523.2,
3523.2,
3520.4,
3523.0,
3522.6,
3522.6,
3522.8,
3523.0,
3522.8,
3523.0,
3523.0,
3523.2,
3523.0,
3523.0,
3523.2,
3523.2,
3523.2,
3522.8,
3522.8,
3523.0,
3523.4,
3523.6,
3523.8,
3523.6,
3523.8,
3523.6,
3524.2,
3524.8,
3524.8,
3524.8,
3525.0,
3525.0,
3525.0,
3525.0,
3525.0,
3525.4,
3525.6,
3525.8,
3526.8,
3526.8,
3526.8,
3526.0,
3527.0,
3527.0,
3527.0,
3528.0,
3527.0,
3528.6,
3528.6,
3529.0,
3528.6,
3529.0,
3528.8,
3529.2,
3528.8,
3528.8,
3528.8,
3528.6,
3528.8,
3527.0,
3526.8,
3529.2,
3529.2,
3529.0,
3529.0,
3529.0,
3528.6,
3527.4,
3528.4,
3528.4,
3527.4,
3528.4,
3527.2,
3528.6,
3528.8,
3528.6,
3529.0,
3528.8,
3528.8,
3529.2,
3529.4,
3529.2,
3529.4,
3529.4,
3529.0,
3529.4,
3529.4,
3529.4,
3529.4,
3529.0,
3528.6,
3528.6,
3529.0,
3529.0,
3528.6,
3529.2,
3528.8,
3529.4,
3529.6,
3529.6,
3529.4,
3529.6,
3529.6,
3529.6,
3529.6,
3529.6,
3529.8,
3529.4,
3529.6,
3529.6,
3529.4,
3529.8,
3529.8,
3529.8,
3529.8,
3529.8,
3529.8,
3529.8,
3529.2,
3529.2,
3529.2,
3529.2,
3528.6,
3528.8,
3528.4,
3528.2,
3528.0,
3528.0,
3527.0,
3528.2,
3527.0,
3529.0,
3527.0,
3527.0,
3527.0,
3528.8,
3528.8,
3528.8,
3529.0,
3529.0,
3529.2,
3529.4,
3528.8,
3528.8,
3528.8,
3528.8,
3529.0,
3529.0,
3529.2,
3529.4,
3529.6,
3529.0,3549.0
3529.2,
3529.6,
3529.6,
3529.6,
3528.6,
3529.2,
3529.0,
3528.4,
3529.8,
3530.0,
3530.2,
3531.0,
3530.8,
3530.8,
3531.6,
3532.0,
3531.6,
3533.0,
3534.2,
3533.0,
3533.8,
3533.8,
3534.4,
3533.6,
3534.2,
3534.4,3634.4
3534.2,
3535.0,
3535.0,
3536.0,
3536.0,
3536.0,
3536.0,
3534.8,
3536.8,
3536.0,
3537.6,
3537.6,
3536.0,
3536.4,
3535.6,
3535.6,
3536.6,
3536.4,
3536.4,
3537.0,
3536.4,
3537.0,
3537.2,
3537.2,
3537.2,
3537.2,
3537.2,
3537.0,
3537.2,
3536.8,
3537.2,
3537.2,
3537.0,
3537.4,
3537.2,
3537.6,
3537.8,
3537.8,
3537.0,
3537.0,
3536.0,
3537.2,
3538.0,
3538.0,
3538.0,
3538.6,
3537.4,
3539.0,
3538.8,
3539.0,
3538.8,
3539.0,
3538.8,
3539.0,
3538.8,
3539.4,
3538.8,
3539.6,
3539.4,
3538.6,
3538.6,
3539.8,
3538.6,
3538.6,
3539.4,
3539.4,
3538.4,
3538.4,
3537.4,
3538.4,
3538.6,
3537.0,
3538.4,
3538.4,
3538.4,
3537.2,
3537.0,
3535.6,
3537.2,
3538.0,
3538.0,
3538.0,
3538.0,
3538.2,
3538.0,
3536.6,
3536.6,
3536.4,
3536.2,
3536.4,
3537.4,
3538.0,
3538.2,
3536.4,
3536.8,
3538.4,
3538.6,
3538.6,
3537.2,
3538.0,
3539.0,
3539.0,
3539.2,
3539.8,3559.8
3539.8,
3540.0,
3540.0,
3540.2,
3541.0,
3540.8,
3542.0,
3541.4,
3540.4,
3542.0,
3542.0,
3542.2,
3543.2,3643.2
3543.0,
3543.4,
3542.6,
3543.4,
3543.0,
3543.0,
3543.4,
3543.6,
3543.8,
3543.8,
3544.4,
3544.0,
3544.4,
3544.6,
3544.8,
3545.0,
3545.6,
3546.0,
3547.0,
3547.0,
3547.8,
3548.0,
3547.2,
3547.8,
3547.6,
3547.0,
3547.6,
3548.6,
3546.0,
3548.0,
3548.6,
3548.6,
3548.2,
3548.2,
3548.4,
3549.0,
3548.2,
3548.2,
3546.2,
3548.2,
3548.2,
3548.2,
3546.2,
3546.0,
3547.8,
3546.2,
3546.2,
3549.0,
3546.2,
3548.6,
3546.4,
3548.4,
3548.6,
3546.8,
3546.2,
3548.0,
3545.6,
3547.8,
3545.0,
3545.2,
3545.2,
3545.0,
3545.0,
3545.0,
3544.6,
3544.6,
3544.6,
3544.6,
3544.0,
3544.0,
3544.6,
3544.0,
3544.0,
3545.0,
3544.6,
3544.2,
3544.0,
3544.0,
3545.0,
3545.2,
3544.6,
3545.4,
3545.0,
3544.8,
3545.0,
3546.8,
3546.8,
3545.2,
3545.2,
3545.2,
3545.2,3565.2
3545.4,
3547.4,
3546.0,
3546.2,
3546.0,
3546.0,
3546.2,
3546.0,
3546.0,
3546.0,
3545.2,
3546.0,
3544.0,
3545.6,
3545.8,
3545.8,
3544.0,
3545.8,
3546.0,
3546.0,
3546.0,
3546.0,
3546.4,
3546.2,
3546.4,
3546.0,
3547.2,
3546.4,
3547.2,
3547.2,
3546.6,
3547.6,
3547.6,
3547.6,
3546.6,
3546.4,
3548.0,
3548.2,
3548.2,
3548.0,
3546.0,
3548.0,
3548.2,
3548.2,
3547.8,
3548.0,
3546.2,
3548.8,
3547.6,
3548.8,
3548.8,
3548.8,3648.8
3548.8,
3549.0,
3549.0,
3549.0,
3549.0,
3549.0,
3548.0,
3548.6,
3547.6,
3546.2,
3546.2,
3546.2,
3546.2,
3546.2,
3546.8,
3546.8,
3546.0,
3546.0,
3545.8,
3545.8,
3545.0,
3544.4,
3544.2,
3545.6,
3545.6,
3546.0,
3544.2,
3544.2,
3544.2,
3545.0,
3545.0,
3545.0,
3545.0,
3545.0,
3545.0,
3545.6,
3545.0,
3545.0,
3545.0,3565.0
3545.0,
3544.2,
3543.8,
3543.6,
3543.6,
3543.4,
3543.0,
3542.6,
3542.6,
3542.2,
3541.6,
3541.4,
3541.6,
3541.4,
3541.2,
3541.2,
3541.0,
3541.0,
3541.0,
3541.6,
3540.8,
3540.6,
3541.6,
3542.2,
3541.6,
3541.6,
3541.6,
3541.6,
3541.2,
3542.2,
3541.2,
3541.2,
3541.2,
3541.2,
3541.0,
3541.0,
3540.6,
3541.0,
3541.0,
3541.0,
3541.0,
3542.0,
3542.0,
3541.0,
3542.2,
3541.0,
3540.8,
3540.8,
3540.8,
3542.2,
3542.0,
3541.0,
3541.0,
3540.8,
3540.6,
3541.0,
3541.0,
3540.6,
3542.0,
3542.0,
3540.4,
3541.8,
3542.2,
3542.2,
3542.4,
3542.0,
3540.4,
3542.4,
3542.0,
3542.6,
3542.6,
3541.6,
3542.0,
3542.6,
3542.0,
3542.6,
3543.0,
3543.0,
3543.0,
3543.4,
3543.6,
3543.8,
3543.4,
3543.4,
3543.0,
3542.2,
3543.8,
3544.0,
3544.8,
3544.8,
3545.8,3645.8
3544.6,
3544.2,
3546.0,
3545.6,
3545.0,
3545.0,
3544.8,
3546.8,
3544.6,
3544.6,
3544.6,
3544.6,
3546.2,
3544.0,
3545.0,
3546.4,
3544.4,
3544.8,
3546.4,
3544.8,
3544.6,
3546.2,
3544.0,
3544.6,
3544.6,
3544.2,
3543.6,
3544.2,
3544.2,
3543.6,
3543.6,
3543.6,
3543.6,
3544.0,
3543.6,
3543.8,
3543.6,
3542.4,
3542.4,
3542.4,
3542.4,
3542.0,
3541.4,
3541.2,
3541.0,
3541.0,
3541.0,
3541.0,
3541.2,
3541.2,
3540.8,
3540.8,
3540.2,
3541.4,
3541.4,
3541.4,
3541.4,
3541.6,
3541.6,
3542.4,
3542.0,
3541.8,
3541.8,
3541.8,
3542.0,3562.0
3542.0,
3542.0,
3543.4,
3543.6,
3542.2,
3542.2,
3542.2,
3542.0,
3542.0,
3541.8,
3542.2,
3542.2,
3542.2,
3542.2,
3547.0,
3544.4,
3544.8,
3545.0,
3544.6,
3545.8,
3545.8,
3546.2,
3546.8,
3546.8,
3546.8,
3546.8,
3547.4,
3547.0,
3547.4,
3547.6,
3548.0,
3549.6,
3550.0,
3550.4,
3550.4,
3551.0,
3551.0,
3550.8,
3551.4,3651.4
3550.8,
3550.8,
3550.8,
3551.4,
3552.0,
3551.8,
3552.0,
3551.4,
3552.0,
3552.0,
3552.0,
3552.0,
3552.0,
3552.0,
3552.0,
3552.0,
3553.0,
3553.0,
3553.0,
3553.0,
3553.0,
3551.2,
3552.6,
3552.8,
3553.0,
3552.6,
3553.0,
3553.0,
3552.4,
3553.0,
3552.6,
3553.0,
3553.0,
3553.0,
3552.4,
3554.0,
3554.6,
3553.0,
3554.6,
3554.8,
3554.8,
3554.2,
3553.4,
3553.4,
3553.4,
3554.0,
3554.0,
3554.0,
3554.0,
3554.0,
3554.4,
3554.0,
3554.0,
3553.2,
3554.0,
3554.6,
3553.6,
3554.0,
3554.0,
3554.0,
3553.8,
3553.8,
3553.2,
3553.0,
3553.0,
3553.0,
3553.0,
3552.6,
3551.2,
3551.2,
3552.6,
3552.8,
3551.2,
3551.2,
3551.2,
3550.4,
3551.2,
3553.0,
3553.0,
3553.4,
3551.2,
3551.0,
3553.0,
3553.0,
3550.8,
3550.8,
3550.8,
3552.8,
3553.0,
3550.0,
3550.0,3570.0
3552.6,
3551.2,
3550.0,
3551.2,
3551.2,
3551.0,
3551.0,
3551.2,
3551.0,
3551.0,
3550.0,
3549.8,
3548.8,
3548.2,
3548.8,
3545.8,
3544.2,
3544.2,
3544.6,
3545.2,
3544.0,
3544.0,
3544.0,
3544.0,
3544.0,
3544.0,
3544.4,
3544.0,
3544.0,
3545.4,
3545.4,
3545.4,
3547.0,
3545.4,
3545.4,
3545.4,
3545.0,
3545.2,
3545.2,
3545.0,
3545.2,
3545.0,
3545.0,
3544.2,
3544.2,
3543.8,
3543.8,
3544.2,
3543.8,
3543.8,
3542.2,
3544.2,
3544.2,
3544.4,
3544.2,
3544.2,
3544.4,
3544.2,
3544.6,
3544.2,
3544.2,
3542.0,
3542.0,
3542.2,
3542.2,
3542.2,
3542.0,
3541.6,
3541.0,
3541.0,
3540.2,
3540.6,
3540.4,
3540.4,
3540.4,
3540.4,
3540.0,
3540.0,
3540.0,
3540.0,
3540.4,
3540.4,
3540.0,
3540.0,
3539.8,
3539.2,
3539.2,
3539.2,
3538.8,
3539.2,
3539.0,
3538.8,
3538.8,
3538.2,
3538.2,
3539.2,
3538.0,
3538.0,
3538.0,
3538.0,
3537.8,
3537.8,
3537.8,
3538.0,
3538.0,
3538.4,
3538.6,
3538.0,
3538.6,
3538.0,
3538.6,
3538.0,
3538.0,
3538.6,
3538.0,
3538.0,
3537.6,
3538.6,
3538.6,
3539.4,
3539.0,
3539.4,
3539.4,
3540.0,
3540.2,
3540.0,
3540.4,
3540.2,
3540.4,
3541.0,
3541.2,
3541.0,
3540.6,
3541.0,
3541.0,
3540.4,
3541.4,
3540.0,
3540.6,
3540.6,
3540.6,
3541.6,
3541.6,
3540.8,
3541.6,
3540.8,
3542.2,
3541.2,
3540.6,
3540.8,
3540.0,
3540.0,
3540.0,
3540.0,
3540.0,
3539.0,3639.0
3539.0,
3539.0,
3539.0,
3539.0,
3539.0,
3539.0,
3539.0,
3539.0,
3538.6,
3539.2,
3539.2,
3538.0,
3537.8,
3537.6,
3536.6,
3537.2,
3536.4,
3536.2,
3535.2,
3535.2,
3535.2,
3535.0,
3535.2,
3535.2,
3535.2,
3535.2,3555.2
3535.6,
3535.6,
3535.2,
3535.2,
3535.6,
3536.0,
3535.0,
3535.0,
3535.8,
3536.0,
3536.0,
3535.0,
3536.0,
3535.8,
3536.4,
3536.4,
3535.8,
3535.4,
3535.4,
3535.4,
3535.2,
3535.2,
3535.0,
3535.0,
3534.8,
3535.2,
3535.2,
3535.2,
3535.2,
3535.0,
3534.8,
3534.8,
3535.0,
3534.6,
3535.0,
3535.0,
3535.0,
3535.0,
3535.2,
3535.2,
3535.0,
3535.2,
3534.6,
3535.0,
3537.0,
3537.0,
3537.2,
3535.4,
3535.2,
3535.2,
3533.6,
3534.4,
3533.0,
3533.6,
3533.0,
3533.2,
3534.8,
3534.8,
3534.8,
3534.8,
3535.0,
3535.2,
3536.8,
3536.8,
3535.2,
3536.8,
3536.8,
3536.8,
3536.8,
3535.4,
3535.0,
3536.8,
3537.0,
3534.8,
3535.4,
3535.0,
3537.0,
3536.8,
3536.8,
3537.0,
3537.0,
3537.0,
3536.8,
3537.2,
3536.2,
3537.2,
3536.0,
3536.0,
3535.4,
3536.0,
3535.4,3635.4
3535.2,
3535.0,
3535.0,
3535.2,
3535.0,
3535.4,
3534.8,
3534.8,
3534.8,
3533.8,
3534.0,
3534.0,
3533.8,
3533.2,
3533.0,
3534.8,
3532.0,
3533.0,
3533.0,
3531.2,
3531.4,
3530.6,
3530.2,
3531.2,
3530.0,
3530.0,3550.0
3531.4,
3530.0,
3530.2,
3532.8,
3530.0,
3532.8,
3530.0,
3530.8,
3530.0,
3531.2,
3531.2,
3529.8,
3529.8,
3529.2,
3528.0,
3527.0,
3529.8,
3529.0,
3529.8,
3528.2,
3529.8,
3528.2,
3528.2,
3528.0,
3527.6,
3527.6,
3530.0,
3529.4,
3530.4,
3530.4,
3529.4,
3530.4,
3529.8,
3530.4,
3529.8,
3529.8,
3529.8,
3529.8,
3529.2,
3529.8,
3529.8,
3529.8,
3529.8,
3529.2,
3529.4,
3529.2,
3528.6,
3529.6,
3529.0,
3528.6,
3528.2,
3528.2,
3527.6,
3527.6,
3527.4,
3528.0,
3527.2,
3527.4,
3527.2,
3528.0,
3528.0,
3527.2,
3527.8,
3527.0,
3528.0,
3527.6,
3527.4,
3528.0,
3527.8,
3527.6,
3527.6,
3527.6,
3527.8,
3528.2,
3528.2,
3528.0,
3528.2,
3527.8,
3529.0,
3528.4,
3529.8,
3528.4,
3530.2,
3527.6,
3528.0,
3528.0,
3528.0,
3527.6,
3528.0,
3528.0,
3529.8,
3528.0,
3528.0,
3529.4,
3530.4,
3530.0,
3530.0,
3530.4,
3530.8,
3531.4,
3531.4,
3531.4,
3530.0,
3530.0,
3529.2,
3529.4,
3529.6,
3532.0,
3530.0,
3531.4,
3531.4,
3530.2,
3530.2,
3531.4,
3530.0,
3531.4,
3530.0,3630.0
3530.0,
3530.0,
3531.4,
3531.0,
3531.8,
3531.2,
3531.0,
3531.8,
3531.8,
3531.8,
3531.8,
3532.6,
3531.8,
3532.6,
3532.0,
3532.6,
3532.8,
3532.8,
3532.8,
3532.8,
3532.8,
3532.0,
3533.0,
3533.0,
3533.0,
3533.2,
3533.0,
3533.6,
3532.8,
3532.0,
3533.2,
3532.8,
3532.8,
3532.8,
3533.0,
3532.8,
3533.0,
3533.0,
3533.8,
3533.8,
3533.0,
3533.0,
3533.0,
3533.0,
3532.0,
3533.2,
3533.8,
3531.8,
3534.0,
3534.0,
3534.0,
3533.2,
3534.0,
3533.2,
3532.2,
3532.0,
3533.0,
3533.2,
3531.8,
3531.0,
3531.0,
3530.8,
3530.8,
3532.8,
3532.8,
3530.8,
3533.0,
3531.8,
3530.6,
3530.2,
3530.0,
3530.0,
3530.0,
3530.2,
3530.0,
3530.0,
3530.0,
3530.0,
3530.0,
3530.0,
3530.0,
3528.0,
3528.8,
3528.2,
3528.2,
3528.6,
3530.0,
3528.0,
3528.2,
3528.0,
3528.0,3548.0
3527.2,
3527.0,
3527.0,
3526.0,
3526.0,
3526.0,
3525.2,
3525.4,
3525.0,
3525.0,
3523.0,
3524.6,
3523.2,
3523.0,
3523.0,
3525.0,
3522.8,
3522.0,
3522.2,
3521.8,
3521.8,
3521.8,
3521.8,
3521.8,
3521.0,
3520.6,
3521.8,
3520.6,
3521.6,
3521.4,
3521.6,
3521.6,
3521.6,
3521.0,
3521.0,
3521.6,
3521.8,
3521.4,
3522.0,
3522.0,
3522.2,
3521.6,
3521.8,
3521.2,
3521.8,
3521.0,
3521.0,
3521.8,
3521.8,
3521.0,
3520.6,
3521.0,
3520.4,
3521.0,
3520.4,
3520.4,
3521.6,
3521.0,
3521.8,
3520.6,
3520.2,
3521.0,
3522.0,
3521.6,
3522.0,
3522.0,
3522.2,
3522.2,
3523.4,
3523.4,
3523.4,
3523.4,
3521.6,
3523.8,
3523.8,
3523.8,
3523.8,
3523.8,
3522.2,
3523.8,
3521.6,
3521.2,
3521.8,
3521.2,
3521.0,
3521.6,
3521.0,
3520.8,
3520.8,
3520.6,
3520.4,
3520.2,
3520.0,
3520.0,
3520.2,
3520.0,
3520.6,
3520.0,
3520.2,
3520.2,
3520.2,
3521.8,
3520.0,
3520.2,
3520.2,
3520.0,
3519.8,
3519.8,
3519.8,
3520.2,
3519.8,
3519.8,
3519.8,
3519.0,
3519.8,
3519.0,
3519.0,
3519.0,
3519.0,
3519.0,
3519.0,
3519.0,
3519.2,
3519.0,
3519.0,
3518.8,
3519.0,
3518.4,
3518.4,
3518.6,
3518.6,
3518.6,
3518.6,
3518.6,
3518.6,
3518.4,
3518.4,
3519.0,
3518.8,
3519.0,
3518.4,
3518.4,
3519.0,
3519.0,
3518.4,
3518.6,
3518.6,
3518.0,
3516.0,
3516.0,
3516.0,
3516.0,
3517.4,
3517.4,
3517.8,
3518.0,
3517.4,
3518.0,
3517.6,
3517.6,
3516.0,
3516.0,
3515.8,
3515.8,
3515.8,
3515.6,
3515.6,
3515.6,
3515.4,
3515.4,
3515.4,
3515.2,
3515.2,
3515.8,
3515.4,
3515.4,
3515.8,
3516.0,
3515.8,
3515.6,
3517.6,
3516.4,
3517.6,
3516.0,
3518.6,
3518.8,
3518.8,
3517.6,
3519.0,
3517.8,
3519.0,
3517.2,
3518.8,
3518.6,
3518.6,
3519.0,
3518.6,
3518.6,
3518.6,
3519.2,
3519.2,
3518.6,
3519.0,
3518.6,
3520.0,
3520.0,
3520.0,
3520.0,
3520.0,
3520.0,
3520.0,
3520.6,
3520.8,
3521.4,
3521.8,
3521.0,
3521.8,
3521.6,
3521.6,
3520.2,
3520.2,3620.2
3521.4,
3520.0,
3521.8,
3519.0,
3521.0,
3520.4,
3521.8,
3520.0,
3519.8,
3520.0,
3520.6,
3520.2,
3520.0,
3520.0,
3520.0,
3519.8,
3519.8,
3519.6,
3519.6,
3520.2,
3519.4,
3519.8,
3519.4,
3519.4,
3519.4,
3519.0,
3519.4,
3519.4,
3521.4,
3521.0,
3520.4,
3520.2,
3521.4,
3521.4,
3521.6,
3521.6,
3521.0,
3521.0,
3522.0,
3521.0,
3522.2,
3521.0,
3521.0,
3522.6,
3522.8,
3522.6,
3521.8,
3522.8,
3522.8,
3523.0,
3523.6,
3523.8,
3524.6,
3523.4,
3524.6,
3523.6,
3523.4,
3523.0,
3522.6,
3523.4,
3522.6,
3522.6,
3523.0,
3522.8,
3522.8,
3522.8,
3521.0,
3523.0,
3521.4,
3524.0,
3521.4,
3522.2,
3521.2,
3520.8,
3522.2,
3524.0,
3523.0,
3523.0,
3521.8,
3523.0,
3521.6,
3522.6,
3522.0,
3523.0,
3523.2,
3523.0,
3523.8,
3523.0,
3523.8,
3524.0,
3524.6,
3524.6,
3523.4,
3522.8,
3523.0,
3522.6,
3522.4,
3522.0,
3523.0,
3523.0,
3522.6,
3523.8,
3523.8,
3522.4,
3522.8,
3523.0,
3524.0,
3523.4,
3522.4,
3522.4,
3522.2,
3523.8,
3522.2,
3523.6,
3523.8,
3522.4,
3523.8,
3522.4,
3522.8,
3523.8,
3522.8,
3522.0,
3523.8,
3524.0,
3524.0,
3523.8,
3522.2,
3523.8,
3524.2,
3522.4,
3524.0,
3522.0,
3523.4,
3523.6,
3522.8,
3523.8,
3523.8,
3523.8,
3523.8,
3523.2,
3523.8,
3523.6,
3523.6,
3523.8,
3523.6,
3522.2,
3523.8,
3523.8,
3522.2,
3523.6,
3523.6,
3524.0,
3523.8,
3523.8,
3523.8,
3523.8,
3523.4,
3523.4,
3522.2,
3522.0,
3523.6,
3522.2,
3523.4,
3523.2,
3523.4,
3522.0,
3523.4,
3523.4,
3522.0,
3524.0,
3522.2,
3523.6,
3523.6,
3522.2,
3521.8,
3522.2,
3521.6,
3521.6,
3521.6,
3521.0,
3521.0,
3520.2,3540.2
3520.0,
3519.6,
3519.6,
3519.2,
3519.6,
3518.8,
3519.0,
3518.0,
3518.6,
3518.6,
3517.8,
3517.8,
3518.0,
3518.8,
3518.8,
3519.2,
3519.0,
3519.0,
3519.0,
3518.6,
3518.8,
3519.0,
3518.2,
3518.2,
3518.2,
3518.0,
3518.0,
3517.8,
3518.0,
3517.6,
3517.6,
3517.6,
3518.6,
3519.6,
3518.6,
3519.6,
3518.6,
3520.6,
3521.2,
3521.6,
3519.8,
3522.0,
3521.8,
3519.6,
3519.4,
3519.4,
3521.0,
3520.0,
3520.0,
3520.0,
3520.0,
3520.0,
3520.0,
3520.0,
3520.0,
3519.6,
3519.6,
3520.0,
3519.6,
3519.8,
3521.8,
3521.8,
3520.4,
3522.0,
3522.0,
3522.0,
3521.2,
3521.2,
3520.8,
3522.0,
3523.0,
3523.2,
3523.4,
3523.4,
3521.8,
3521.8,
3522.8,
3522.2,3622.2
3522.0,
3523.0,
3523.0,
3523.0,
3523.2,
3523.6,
3523.8,
3524.0,
3523.6,
3523.4,
3523.4,
3523.4,
3524.0,
3524.0,
3524.6,
3524.6,
3524.8,
3524.8,
3523.2,
3524.0,
3525.0,
3524.0,
3523.0,
3523.6,
3523.0,
3523.0,
3522.8,
3523.2,
3524.6,
3525.0,
3524.2,
3524.0,
3524.6,
3524.0,
3524.8,
3524.8,
3525.0,
3525.0,
3525.0,
3525.2,
3524.8,
3525.2,
3525.2,
3525.8,
3525.2,
3525.8,
3525.8,
3525.8,
3526.0,
3526.2,
3526.0,
3526.6,
3526.2,
3526.0,
3526.2,
3526.0,
3526.6,
3526.8,
3526.4,
3526.0,
3526.6,
3526.2,
3526.8,
3526.8,
3527.0,
3527.0,
3527.2,
3527.0,
3526.2,
3526.8,
3526.6,
3526.2,
3526.2,
3526.2,
3525.6,
3526.2,
3525.4,
3525.2,
3525.0,
3525.8,
3525.0,
3524.4,
3524.2,
3524.2,
3524.6,
3525.0,
3524.8,
3523.6,
3524.8,
3523.4,
3523.4,
3522.6,
3522.0,
3522.0,
3522.0,
3522.0,
3522.6,
3521.0,
3521.0,
3522.4,
3522.0,
3521.0,
3522.2,
3522.0,3542.0
3521.8,
3521.0,
3521.8,
3520.0,
3519.0,
3519.8,
3518.8,
3518.8,
3518.2,
3517.6,
3517.2,
3516.6,
3517.2,
3516.0,
3516.0,
3515.2,
3515.0,
3515.0,
3516.2,
3514.2,
3516.6,
3514.2,
3514.2,
3515.0,
3516.4,
3517.6,
3517.6,
3517.4,
3516.6,
3516.8,
3517.4,
3517.6,
3516.4,
3516.2,
3516.4,
3516.0,
3515.8,
3515.6,
3515.2,
3515.2,
3515.0,
3515.0,
3516.4,
3515.6,
3515.0,
3515.0,
3515.0,
3516.2,
3516.2,
3516.2,
3516.2,
3516.4,
3516.2,
3516.2,
3516.4,
3517.2,
3517.2,
3517.2,
3516.8,
3517.4,
3517.6,
3517.0,
3517.6,
3517.4,
3517.4,
3517.6,
3518.0,
3517.8,
3517.8,
3519.4,
3519.6,
3520.4,
3519.6,
3521.0,
3520.0,
3521.2,
3521.4,
3520.0,
3520.0,
3520.0,
3521.4,
3520.0,
3519.8,
3519.8,
3519.8,
3518.4,
3521.6,
3519.2,
3518.8,
3521.0,
3519.0,3619.0
3519.2,
3521.0,
3518.6,
3521.0,
3518.6,
3521.0,
3521.0,
3519.0,
3519.0,
3520.0,
3518.6,
3518.6,
3520.8,
3520.2,
3520.2,
3521.0,
3520.0,
3519.0,
3520.0,
3520.0,
3519.0,
3519.4,
3519.0,
3518.0,
3518.4,
3517.8,
3517.8,
3517.4,
3516.8,
3516.4,
3516.4,
3516.2,
3517.2,
3516.4,
3516.4,
3516.2,
3517.2,
3514.0,
3514.6,
3515.0,
3514.6,
3514.2,
3514.2,
3514.0,
3514.0,
3514.2,
3513.8,
3513.8,
3513.8,
3513.6,
3514.0,
3513.4,3533.4
3513.8,
3513.8,
3513.4,
3513.2,
3513.4,
3513.4,
3513.4,
3513.8,
3513.8,
3514.2,
3514.4,
3514.6,
3517.4,
3517.8,
3515.0,
3517.0,
3516.8,
3516.0,
3516.8,
3516.8,
3516.4,
3516.4,
3516.4,
3515.8,
3515.0,
3515.8,
3515.0,
3515.0,
3515.0,
3514.6,
3514.2,
3513.8,
3513.6,
3512.8,
3512.0,
3512.0,
3512.0,
3512.0,
3512.8,
3512.2,
3512.0,
3511.0,
3511.0,
3511.0,
3510.6,
3511.2,
3510.6,
3510.6,
3510.4,
3510.2,
3510.2,
3510.6,
3510.4,
3510.2,
3510.0,
3510.0,
3509.6,
3509.6,
3508.0,
3508.0,
3510.2,
3508.0,
3510.2,
3509.2,
3509.6,
3509.6,
3510.2,
3510.2,
3510.4,
3509.6,
3509.6,
3509.6,
3509.4,
3509.0,
3510.2,
3510.0,
3508.6,
3509.4,
3510.0,
3509.4,
3509.0,
3510.4,
3510.4,
3508.6,
3508.8,
3508.6,
3510.2,
3510.2,
3509.4,
3510.2,
3510.2,
3510.4,
3509.2,
3510.6,
3510.8,
3510.8,
3508.8,
3510.8,
3510.8,
3508.4,
3508.2,
3507.8,
3507.6,
3507.0,
3506.6,
3506.8,
3506.0,
3507.6,
3506.6,
3504.4,
3503.8,
3503.8,
3505.0,
3503.8,
3503.4,
3503.2,
3504.0,
3503.8,
3504.0,
3503.8,
3502.4,
3503.2,
3502.2,
3503.6,
3502.2,
3502.2,
3502.0,
3502.2,
3503.2,
3501.4,
3501.4,
3501.0,
3501.0,
3500.4,
3500.4,
3502.2,
3500.4,
3500.4,
3500.6,
3500.6,
3500.2,
3500.4,
3500.4,
3500.4,
3500.0,
3501.2,
3501.0,
3500.4,
3500.6,
3501.6,
3500.4,
3500.4,
3500.4,
3500.2,
3501.6,
3502.0,
3502.0,
3502.0,
3502.0,
3502.4,
3502.4,
3504.0,
3502.4,
3502.4,
3502.0,
3503.4,
3503.4,
3504.0,
3504.2,
3505.0,
3505.2,
3505.2,
3505.2,
3506.6,
3505.8,
3505.8,
3505.2,
3504.2,
3504.2,
3505.2,
3502.2,
3505.2,
3504.0,
3504.8,
3504.8,
3504.4,
3505.0,
3505.0,
3503.4,
3504.2,
3505.0,
3503.6,
3504.2,
3502.6,
3504.2,3604.2
3504.2,
3505.4,
3503.6,
3504.6,
3505.6,
3505.6,
3503.4,
3505.6,
3503.4,
3505.6,
3505.6,
3505.6,
3505.6,
3505.6,
3505.6,
3504.0,
3505.0,
3504.0,
3504.0,
3503.8,
3503.8,
3503.2,
3503.0,
3503.8,
3503.0,
3503.4,
3503.4,
3503.2,
3502.4,
3500.6,
3500.4,
3500.4,
3500.4,
3500.2,
3502.4,
3502.0,
3500.0,
3500.0,
3500.0,
3499.8,
3499.8,
3499.8,
3500.0,
3500.0,
3499.8,
3500.0,
3499.8,
3498.8,
3499.4,
3499.0,
3498.0,
3496.2,3516.2
3498.0,
3499.6,
3499.8,
3496.8,
3499.8,
3496.8,
3497.4,
3498.4,
3498.4,
3499.6,
3499.8,
3499.8,
3498.0,
3496.8,
3499.8,
3499.8,
3497.4,
3497.6,
3497.6,
3499.8,
3499.8,
3499.8,
3498.0,
3499.6,
3497.6,
3498.8,
3499.8,
3499.8,
3499.8,
3499.8,
3499.8,
3497.8,
3500.0,
3499.8,
3499.8,
3500.0,
3498.8,
3499.8,
3500.4,
3499.0,
3500.4,
3499.0,
3500.0,
3500.4,
3500.2,
3500.0,
3500.4,
3499.8,
3501.0,
3501.0,
3500.6,
3501.0,
3500.4,
3500.4,
3500.2,
3500.0,
3500.0,
3500.4,
3500.4,
3500.4,
3500.0,
3500.0,
3501.0,
3502.2,
3502.2,3602.2
3502.6,
3500.6,
3503.0,
3502.0,
3503.0,
3503.0,
3502.8,
3503.6,
3504.0,
3504.0,
3504.0,
3503.6,
3503.6,
3504.0,
3503.8,
3505.0,
3503.8,
3505.6,
3505.8,
3506.0,
3505.2,
3505.2,
3506.0,
3506.6,
3506.0,
3506.8,
3507.2,
3508.0,
3507.2,
3508.4,
3508.2,
3508.4,
3506.4,
3507.4,
3507.4,
3506.8,
3507.0,
3506.8,
3507.2,
3507.0,
3507.0,
3507.4,
3507.0,
3507.4,
3507.8,
3507.0,
3507.4,
3507.6,
3507.0,
3507.0,
3507.8,
3507.4,
3507.6,
3507.8,
3508.0,
3508.0,
3508.0,
3508.2,
3508.4,
3507.8,
3509.2,
3509.2,
3509.4,
3509.2,
3509.0,
3509.0,
3508.6,
3509.2,
3509.4,
3508.6,
3507.8,
3508.2,
3509.8,
3508.2,
3508.2,
3508.4,
3508.0,
3508.0,
3508.4,
3508.4,
3507.8,
3507.8,
3508.4,
3508.4,
3508.8,
3509.0,
3508.4,
3508.0,
3508.0,
3508.0,
3507.8,
3507.8,
3508.0,
3507.6,
3507.6,
3507.6,
3507.0,
3506.4,
3506.6,
3506.4,
3506.0,
3505.4,
3505.4,
3505.2,
3505.2,
3505.4,
3505.4,
3505.0,
3505.0,
3505.0,
3503.8,
3503.8,
3506.0,
3506.2,
3506.4,
3506.2,
3506.6,3526.6
3506.6,
3505.6,
3507.0,
3507.0,
3507.0,
3507.6,
3510.2,
3510.2,
3509.6,
3508.0,
3509.6,
3509.6,
3509.4,
3509.4,
3509.4,
3509.4,
3507.8,
3508.0,
3508.0,
3509.6,
3509.6,
3508.2,
3508.0,
3508.0,
3508.0,
3508.6,
3510.0,
3509.8,
3509.8,
3510.0,
3510.0,
3510.0,
3510.0,
3510.2,
3510.0,
3510.2,
3510.2,
3510.2,
3510.8,3610.8
3510.2,
3510.8,
3510.8,
3512.0,
3511.8,
3512.0,
3512.2,
3512.0,
3512.0,
3512.2,
3511.8,
3512.2,
3512.2,
3512.6,
3512.6,
3512.6,
3512.6,
3513.2,
3512.6,
3512.0,
3511.0,
3511.0,
3511.2,
3510.4,
3510.4,
3510.4,
3510.4,
3510.0,
3508.4,
3507.6,
3508.4,
3508.4,
3506.0,
3507.8,
3507.8,
3507.2,
3507.6,
3507.0,
3506.2,
3505.6,
3505.4,
3506.0,
3506.0,
3506.2,
3505.4,
3506.0,
3505.4,
3505.8,
3506.0,
3507.0,
3508.6,
3508.8,3528.8
3508.8,
3508.8,
3507.0,
3509.2,
3507.4,
3508.8,
3509.0,
3509.0,
3508.8,
3507.4,
3507.4,
3508.8,
3509.2,
3507.4,
3509.0,
3507.0,
3507.2,
3507.2,
3508.0,
3507.2,
3507.0,
3506.2,
3507.0,
3506.2,
3506.2,
3506.2,
3506.0,
3506.0,
3507.2,
3508.8,
3507.8,
3508.8,
3510.4,
3510.4,
3510.4,
3508.0,
3508.0,
3508.0,
3509.0,
3508.6,
3509.0,
3509.4,
3509.2,
3509.0,
3509.6,
3510.2,
3510.8,
3511.0,
3511.4,
3511.2,
3511.2,
3512.2,
3512.2,
3512.4,
3512.4,
3512.4,
3513.8,
3512.2,
3512.4,
3515.0,
3512.4,
3513.6,
3512.6,
3514.4,
3514.4,3614.4
3514.0,
3512.6,
3512.0,
3512.2,
3512.2,
3512.0,
3510.6,
3509.2,
3511.4,
3510.0,
3510.6,
3509.2,
3510.0,
3508.8,
3509.0,
3507.0,
3509.2,
3507.8,
3508.2,
3508.6,
3508.6,
3509.8,
3510.0,
3510.0,
3508.6,
3510.0,
3510.0,
3510.0,
3509.0,
3510.0,
3510.0,
3510.2,
3510.4,
3510.0,
3509.4,
3509.8,
3510.6,
3510.0,
3510.6,
3512.0,
3512.0,
3512.0,
3513.8,
3513.8,
3512.6,
3513.6,
3514.4,
3513.6,
3513.6,
3514.6,
3512.8,
3511.4,3531.4
3512.2,
3510.8,
3510.6,
3510.2,
3509.0,
3507.8,
3507.6,
3507.4,
3510.4,
3509.2,
3509.0,
3510.6,
3510.8,3610.8
3510.8,
3510.8,
3510.8,
3511.2,
3512.0,
3512.0,
3512.0,
3512.0,
3512.0,
3509.6,
3511.4,
3511.6,
3511.6,
3511.8,
3511.8,
3512.0,
3512.2,
3512.4,
3512.6,
3512.6,
3512.4,
3513.8,
3514.2,
3514.2,
3514.2,
3514.4,
3514.4,
3514.4,
3514.4,
3514.6,
3514.0,
3513.0,
3514.0,
3514.0,
3513.8,
3514.8,
3514.4,
3514.6,
3514.6,
3514.6,
3513.0,
3514.6,
3514.8,
3515.0,
3515.0,
3515.4,
3515.0,
3515.4,
3515.4,
3515.6,
3516.6,
3515.2,
3518.4,
3518.6,
3518.8,
3519.4,
3519.8,
3516.4,
3517.0,
3518.0,
3517.4,
3518.4,
3518.4,
3518.0,
3517.8,
3517.2,
3517.8,
3518.0,
3518.0,
3518.0,
3518.2,
3518.6,
3518.2,
3518.6,
3519.6,
3520.0,
3519.8,
3518.6,
3520.0,
3520.0,
3520.0,
3520.0,
3520.0,
3518.6,
3519.8,
3520.0,
3518.6,
3518.6,
3518.2,
3518.2,
3517.2,
3517.2,
3517.2,
3517.2,
3517.0,
3516.8,
3516.8,
3516.6,
3516.6,
3516.6,
3516.8,
3516.6,
3516.6,
3516.6,
3516.6,
3516.8,
3516.6,
3516.6,
3516.6,
3516.6,
3516.8,
3517.0,
3516.0,
3515.8,
3515.8,
3516.0,
3516.6,
3516.6,
3516.0,
3516.0,
3515.8,
3516.6,
3516.6,
3516.8,
3517.0,
3517.4,
3517.4,
3518.0,
3519.8,
3519.8,3539.8
3519.8,
3520.0,
3520.0,
3518.4,
3518.8,
3520.0,
3518.6,
3519.4,
3518.8,
3518.8,
3518.8,
3519.2,
3519.8,
3520.0,
3520.0,
3520.2,
3520.2,
3520.0,
3520.0,
3519.0,
3519.0,
3518.8,
3518.8,
3518.2,
3518.0,
3518.0,3618.0
3518.0,
3518.0,
3517.8,
3517.8,
3516.6,
3515.8,
3517.8,
3515.2,
3515.0,
3515.0,
3515.0,
3516.8,
3515.8,
3517.4,
3517.4,
3515.4,
3515.4,
3515.2,
3515.2,
3515.2,
3515.8,
3515.0,
3516.6,
3516.0,
3517.6,
3517.8,3537.8
3515.2,
3516.4,
3516.4,
3516.4,
3516.8,
3515.2,
3516.8,
3516.8,
3516.8,
3515.2,
3515.2,
3515.8,
3515.0,
3515.8,
3515.0,
3515.0,
3515.0,
3514.8,
3516.4,
3514.2,
3516.8,
3516.4,
3516.4,
3514.0,
3516.8,
3513.8,
3514.4,
3513.8,
3513.6,
3514.2,
3514.2,
3515.8,
3515.8,
3516.0,
3515.2,
3515.2,
3514.8,
3515.6,
3515.2,
3516.0,
3514.6,
3514.2,
3514.0,
3514.0,
3513.6,
3514.6,
3515.4,
3514.0,
3514.0,
3514.0,
3513.6,
3515.2,
3513.8,
3513.6,
3514.0,
3514.4,
3513.6,
3513.6,
3513.6,
3513.2,
3512.0,
3512.0,
3511.8,
3511.0,
3510.6,
3512.6,
3513.2,
3513.4,
3513.6,
3511.4,
3514.0,
3514.0,
3514.0,
3514.6,
3514.6,
3512.6,
3512.6,
3514.8,
3514.8,
3514.8,
3515.8,
3513.2,
3513.4,
3513.2,
3515.0,
3512.8,
3515.0,
3511.8,
3514.6,
3512.2,
3515.2,
3512.4,
3514.2,
3513.0,
3512.4,
3514.0,
3514.2,
3512.0,
3514.4,
3514.4,
3514.4,
3512.8,
3512.8,
3514.8,
3512.8,
3512.8,
3513.4,
3513.2,
3513.6,
3513.8,
3513.8,
3514.0,
3514.0,
3515.0,
3515.0,
3514.2,
3515.0,
3515.0,
3514.0,
3515.2,
3516.0,
3516.0,
3515.2,
3516.6,
3516.2,
3516.2,
3516.2,
3515.8,
3516.2,
3516.4,3616.4
3516.0,
3516.4,
3516.2,
3516.4,
3516.8,
3516.8,
3516.4,
3516.8,
3517.0,
3516.8,
3517.2,
3516.8,
3517.6,
3517.6,
3517.8,
3517.6,
3518.0,
3520.0,
3518.2,
3520.0,
3518.8,
3519.6,
3518.0,
3518.0,
3517.4,
3517.2,
3519.4,
3519.4,
3519.4,
3519.4,
3519.6,
3519.2,
3519.4,
3519.2,
3519.2,
3518.6,
3518.2,
3518.0,
3518.2,
3518.0,
3518.2,
3518.2,
3517.8,
3517.8,
3517.6,
3517.6,
3517.2,
3517.6,
3517.2,
3518.2,
3518.0,
3517.2,
3517.2,
3517.6,
3516.8,
3516.4,
3517.2,
3516.2,
3516.2,
3515.0,
3515.8,
3515.0,
3516.0,
3516.0,
3515.4,
3515.4,
3514.4,
3515.8,
3516.0,
3515.0,
3514.6,
3518.0,
3516.4,
3516.4,
3517.6,
3518.0,
3518.0,
3517.6,3537.6
3518.2,
3518.4,
3518.6,
3518.4,
3519.4,
3516.4,
3516.4,
3516.4,
3516.4,
3518.8,
3519.0,
3518.6,
3518.8,
3519.4,
3519.0,
3519.4,
3519.4,
3519.6,
3519.8,
3519.8,
3519.8,
3519.8,
3519.8,
3520.0,
3520.4,
3520.2,3620.2
3520.4,
3520.2,
3520.2,
3522.0,
3521.8,
3520.4,
3521.4,
3520.2,
3520.4,
3520.4,
3520.0,
3519.8,
3519.8,
3520.0,
3519.8,
3519.8,
3521.0,
3519.8,
3519.8,
3520.0,
3520.0,
3519.6,
3520.0,
3519.8,
3519.6,
3519.8,
3519.4,
3519.4,
3518.8,
3518.8,
3518.6,
3519.0,
3519.0,
3519.6,
3519.0,
3519.6,
3519.0,
3519.0,
3519.0,
3519.0,
3518.2,
3519.0,
3518.0,
3517.4,
3517.4,
3518.8,
3518.8,
3518.6,
3517.6,
3518.6,
3518.8,
3518.6,
3518.6,
3518.6,
3519.0,
3518.2,
3519.2,
3518.6,
3519.4,
3518.2,
3518.2,
3518.2,
3518.0,
3518.0,
3517.6,3537.6
3517.6,
3517.6,
3518.0,
3518.0,
3518.2,
3518.0,
3518.6,
3518.2,
3518.0,
3518.6,
3519.6,
3519.6,
3519.6,
3520.0,
3519.8,
3518.4,
3518.6,
3519.2,
3519.2,
3519.2,
3518.8,
3518.8,
3518.8,
3518.4,
3518.4,
3518.2,
3518.0,
3518.0,
3518.2,
3518.0,
3518.0,
3518.2,
3517.8,
3519.0,
3517.8,
3518.0,
3518.2,
3518.2,
3518.0,
3518.0,
3518.0,
3517.8,
3517.8,
3517.8,
3517.8,
3517.8,
3517.6,
3517.8,
3517.8,
3517.6,
3517.4,
3517.6,
3517.4,
3517.0,
3517.0,
3517.2,
3516.8,
3516.6,
3516.4,
3516.6,
3516.0,
3516.2,
3515.4,
3515.6,
3515.6,
3515.2,
3515.0,
3515.4,
3515.0,
3515.0,
3515.4,
3514.8,
3515.2,
3514.6,
3514.6,
3515.4,
3514.6,
3514.6,
3514.6,
3515.8,
3515.8,
3516.0,
3516.0,
3516.0,
3516.0,
3516.0,
3515.2,
3516.4,
3515.4,
3516.0,
3516.0,
3515.4,
3516.0,
3516.0,
3515.6,
3516.0,
3515.4,
3515.6,
3516.0,
3516.0,
3515.6,
3515.6,
3515.2,
3515.6,
3515.2,
3515.6,
3515.6,
3515.6,
3515.6,
3515.4,
3515.2,
3515.2,
3515.6,
3515.8,
3515.6,
3515.6,
3515.8,
3516.0,
3515.8,
3516.0,
3515.8,
3515.8,
3516.2,
3516.0,
3516.0,
3516.2,
3516.2,
3516.4,
3517.6,
3517.6,
3517.4,
3517.6,
3517.4,
3517.6,
3517.6,
3517.6,
3517.6,
3516.6,
3517.8,
3517.8,
3517.8,
3518.0,
3518.0,3618.0
3518.0,
3518.0,
3518.4,
3518.2,
3518.8,
3518.8,
3518.8,
3518.8,
3519.0,
3519.0,
3519.0,
3519.0,
3519.8,
3519.0,
3519.8,
3519.0,
3519.0,
3519.8,
3519.2,
3520.0,
3518.6,
3518.8,
3518.8,
3518.4,
3518.0,
3518.0,
3518.2,
3518.0,
3518.0,
3518.4,
3518.6,
3517.8,
3519.0,
3519.0,
3519.6,
3518.0,
3517.8,
3517.2,
3518.0,
3517.2,
3516.8,
3516.8,
3516.4,
3517.2,
3516.8,
3516.0,
3515.8,
3515.8,
3515.4,
3515.2,
3515.0,
3515.8,
3514.2,
3516.2,
3517.4,
3516.2,
3514.0,
3516.6,
3516.6,
3516.4,
3515.2,
3516.4,
3515.6,
3516.0,
3516.0,3536.0
3516.0,
3516.0,
3515.8,
3515.8,
3515.6,
3515.6,
3515.6,
3515.6,
3516.0,
3515.2,
3515.2,
3515.4,
3515.0,
3515.8,
3515.0,
3515.0,
3516.0,
3516.4,
3516.6,
3516.6,
3516.4,
3516.4,
3516.2,
3516.0,
3515.8,
3516.0,
3515.2,
3515.2,
3514.8,
3514.6,
3514.4,
3515.2,
3516.0,
3515.2,
3515.0,
3514.6,
3514.2,
3515.0,
3514.0,
3514.4,
3515.0,
3513.8,
3513.8,
3513.8,
3513.4,
3514.4,
3513.0,
3513.0,
3514.4,
3513.2,
3513.0,
3513.0,
3514.0,
3513.2,
3513.8,
3513.0,
3514.2,
3514.2,
3513.0,
3512.8,
3513.6,
3513.8,
3513.0,
3514.0,
3513.2,
3513.2,
3513.2,
3513.2,
3513.0,
3513.2,
3513.0,
3513.0,
3513.8,
3513.8,
3514.0,
3513.8,
3513.6,
3513.4,
3513.4,
3513.8,
3513.8,
3513.6,
3513.4,
3513.4,
3513.4,
3513.6,
3513.6,
3513.6,
3513.8,
3513.8,
3514.0,
3514.4,
3514.8,
3515.0,
3515.6,
3515.8,
3515.8,
3515.8,
3516.0,
3516.4,
3516.4,
3516.6,
3516.8,
3516.8,
3518.0,
3518.2,
3517.0,
3518.4,
3518.4,
3516.8,
3518.0,
3518.6,
3518.0,
3518.0,
3518.0,
3517.8,
3518.0,3618.0
3517.8,
3517.6,
3518.2,
3518.2,
3518.2,
3518.0,
3518.0,
3518.0,
3518.2,
3518.2,
3518.2,
3518.2,
3518.2,
3518.4,
3518.0,
3518.0,
3518.2,
3518.2,
3518.2,
3517.8,
3518.0,
3518.0,
3517.8,
3517.6,
3517.4,
3517.2,
3517.0,
3515.8,
3516.8,
3515.2,
3515.2,
3516.6,
3516.2,
3516.4,
3516.2,
3516.4,
3516.4,
3516.8,
3517.0,
3517.0,
3517.0,
3517.4,
3517.6,
3517.6,
3517.6,
3517.6,
3517.6,
3518.0,
3518.0,
3517.6,
3516.4,
3516.8,
3516.8,
3517.4,
3517.4,
3516.8,
3517.4,
3518.0,
3518.0,
3518.2,
3518.2,
3518.0,
3517.0,
3517.4,
3517.4,
3517.4,
3517.4,
3517.4,
3517.0,
3517.4,
3518.0,
3517.8,
3518.2,
3517.8,
3518.0,
3518.0,
3518.0,
3518.2,
3517.6,
3517.8,
3517.8,
3517.6,
3517.6,
3517.4,
3517.8,
3518.0,
3517.4,
3517.4,
3517.2,
3517.2,
3517.6,
3517.6,
3517.8,
3517.8,
3517.8,
3518.0,
3517.8,
3517.8,
3517.8,
3517.2,
3518.0,
3517.8,
3517.8,
3517.4,
3518.0,
3518.0,
3517.4,
3518.0,
3518.2,
3518.0,
3518.0,
3518.0,
3518.6,
3518.0,
3518.8,
3519.0,
3518.6,
3519.0,
3519.2,
3519.4,
3519.8,
3519.4,
3519.4,
3520.0,
3520.0,
3519.8,
3520.0,
3519.8,
3519.4,
3519.8,
3519.8,
3519.8,
3520.0,
3519.2,
3520.0,
3519.4,
3520.0,
3520.0,
3521.0,
3519.8,
3520.0,
3520.0,
3520.6,
3520.8,
3520.4,
3520.8,
3521.0,
3520.4,
3520.4,
3521.2,
3521.2,
3521.8,
3522.6,
3522.0,
3522.0,
3522.0,
3522.0,
3521.0,
3522.0,
3522.0,
3522.4,
3521.2,
3521.4,
3521.4,
3521.4,
3521.4,
3520.6,
3522.2,
3520.8,
3520.8,
3521.0,
3520.6,
3521.2,
3521.2,
3519.4,
3520.8,
3520.6,
3521.0,
3521.0,
3521.2,
3521.0,
3520.6,
3521.2,
3521.2,
3521.2,
3521.2,
3520.8,
3521.0,
3520.6,
3521.0,
3521.2,
3520.8,
3520.8,
3521.2,
3521.8,
3521.0,
3521.2,
3520.8,
3521.2,
3521.0,
3521.0,
3521.6,
3521.2,
3521.6,
3521.4,
3521.8,
3522.0,
3521.2,
3521.2,
3521.4,
3522.0,
3521.8,
3521.2,
3521.6,
3522.0,
3522.0,
3522.4,
3522.2,
3522.4,
3521.4,
3522.6,
3522.6,
3522.8,
3521.0,
3521.6,
3521.0,
3522.0,
3522.4,
3522.0,
3520.6,
3521.6,
3522.0,
3521.0,
3521.8,
3522.0,
3521.8,
3522.4,
3521.2,
3521.2,
3521.2,
3521.2,
3521.8,
3521.8,
3522.0,
3521.2,
3521.8,
3522.2,
3521.8,
3521.8,
3522.2,
3521.4,
3521.2,
3522.0,
3522.2,
3522.6,
3522.2,
3522.0,
3522.0,
3522.0,
3523.0,
3523.0,
3523.0,
3523.2,
3523.8,
3524.0,
3524.0,
3524.0,
3524.6,
3523.8,
3522.0,
3524.6,
3524.6,
3524.8,
3524.8,